UITVOERDER;TITEL
Gloria Estefan;1 2 3
Anna Maria Zimmermann;1000 Träume Weit (Tornerò)
Gorillaz;19-2000
James Blunt;1973
Smashing Pumpkins;1979
Spice Girls;2 Become 1
Ann Lee;2 Times
Anne-Marie;2002
T-Rex;20th Century Boy
Bad Religion;21st Century (Digital Boy)
Lily Allen;22
Bruno Mars;24K Magic
Madonna ft. Justin Timberlake;4 Minutes
Veronicas;4ever
Arctic Monkeys;505
Lemar;50-50
Ariana Grande;7 Rings
Miley Cyrus;7 Things
Lukas Graham;7 Years
Damien Rice ;9 Crimes
Dolly Parton;9 To 5
Nena;99 Red Balloons
Shaboozey;A Bar Song (Tipsy)
Johnny Cash;A Boy Named Sue
Yelle;À cause des garçons
Beatles;A Day in The Life
Aretha Franklin;A Deeper Love
Cure;A Forest
Phil Collins;A Groovy Kind Of Love
Beatles;A Hard Day's Night
America;A Horse With No Name
Queen;A kind of magic
Cure;A letter to Elise
Erasure;A Little Respect
Beautiful South;A Little Time (Briana / Dave)
Coldplay;A sky full of stars
Vanessa Carlton;A thousand miles
Duran Duran;A view to a kill
Procol Harum;A whiter shade of pale
Jackson 5;ABC
Jackson 5;ABC (Michael)
Nirvana;About A Girl
Sugababes;About You Now
Lady Gaga;Abracadabra
Steve Miller Band;Abracadabra
Calvin Harris;Acceptable In The 80s
Counting Crows;Accidentally in love
Motorhead;Ace of Spades
Billy Ray Cyrus;Achy Breaky Heart
Blink 182;Adam's Song
Robert Palmer;Addicted to Love
Harry Styles;Adore you
System of a Down;Aerials
Toto;Africa
Earth, Wind & Fire;After the love has gone
Ed Sheeran;Afterglow
Lenny Kravitz;Again
Phil Collins;Against all odds
Michel Teló;Ai Se Eu Te Pego
Marvin Gaye And Tammii Tarrelle;Ain't No Mountain High Enough
Christina Aguilera;Ain't No Other Man
Bill Withers;Ain't No Sunshine
Lady GaGa;Alejandro
Christophe;Aline
Pearl Jam;Alive
Sia;Alive
Simple Minds;Alive and kicking
Meghan Trainor;All About That Bass
Tatu;All About Us
Bob Dylan;All along the watchtower
Jimi Hendrix Experience;All Along the Watchtower
Nirvana;All Apologies
Lisa Stansfield;All Around The World
Céline Dion;All by myself
Alison Moyet;All cried out
Janet Jackson;All For You
Janet Jackson;All For You (duet)
Nelly Furtado;All Good Things
Heart;All I Wanna Do Is Make Love To You
Mariah Carey;All I Want For Christmas Is You
Beatles;All My Loving
Lionel Richie;All night long (All night)
John Legend;All of Me
Air Supply;All Out Of Love
Smash Mouth;All Star
Kid Rock;All Summer Long
Ace Of Base;All That She Wants
Billie Eilish;All the good girls go to Hell
Kylie Minogue;All The Lovers
One Republic;All the Right Moves
Blink 182;All the small things
Simple Minds;All the things she said
t.A.T.u.;All the things she said
Beatles;All You Need Is Love
Hans De Booy;Alle Vrouwen
Wim Soutaer;Allemaal
Heart;Alone
Lasgo;Alone
Korn;Alone I break
Alan Walker & Ava Max;Alone, Pt. II
Stromae;Alors on danse
Melanie Martinez;AlphabetBoy
Jamiroquai;Alright
Supergrass;Alright
Free;Alright Now
Jan Smit;Als De Nacht Verdwijnt
Andre van Duin;Als de zon schijnt
Het Jungle Boek;Als je van beren leren kan
Bon Jovi;Always
Erasure;Always
Monty Phyton;Always look on the bright side of life
Pet Shop Boys;Always On My Mind
Lady Gaga;Always remember us this way
Naked Eyes;Always Something There to Remind Me
Stranglers;Always The Sun
Lone Star;Amazed
Green Day;American Idiot
Don McLean;American Pie
Lenny Kravitz;American Woman
Rammstein;Amerika
Amika;Amika
Lio;Amoureux solitaires
Klaus & Klaus;An der Nordseeküste (+ duet)
Bravey;An Honest Mistake
Talking Heads;And she was
Sarah McLachlan;Angel
Robbie Williams;Angels
Rolling Stones;Angie
Def Leppard ;Animal
Ellie Goulding;Animal
Suede;Animal Nitrate
Maroon 5;Animals
Clouseau;Anne
Phil Collins;Another Day In Paradise
Tom Odell;Another Love
Queen;Another One Bites The Dust
Jack White & Alicia Keys;Another Way to Die
DJ Otzi;Anton
Nena ft. Kim Wilde;Anyplace, Anywhere, Anytime (duet)
Ellie Goulding;Anything Could Happen
Gloria Estefan;Anything for you
Rita Ora;Anywhere
Enya;Anywhere Is
One Republic;Apologize
Arctic Monkeys;Arabella
Duncan Laurence;Arcade
Jet;Are You Gonna Be My Girl
Lenny Kravitz;Are You Gonna Go My Way
Lost Frequencies;Are You With Me
Bjork;Army of me
Daft Punk;Around The World
Harry Styles;As It Was
Backstreet Boys;As Long As You Love Me
Justin Bieber & Big Sean;As Long As You Love Me
Las Ketchup;Asereje
David Bowie;Ashes to ashes
Helene Fischer;Atemlos durch die Nacht
Blondie;Atomic
50 Cent ft. JT & Timbaland;Ayo Technology
Milow;Ayo Technology
Ed Sheeran;Azizam
Who;Baba O'Riley
Take That;Babe
Justin Bieber & Ludacris;Baby
Amy Grant;Baby Baby
David Guetta, Anne Marie, Coi Leray ;Baby Don’t Hurt Me
Sir Mix-a-Lot;Baby Got Back
Rod Stewart;Baby Jane
Diana Ross And The Supremes;Baby Love
Britney Spears;Baby One More Time
Pinkfong con Luis Fonsi;Baby shark
Take That;Back For Good
ACDC;Back in black
Beatles;Back In The U.S.S.R
Pretenders;Back on the chain gang
Amy Winehouse;Back To Black
Michael Jackson;Bad
Taylor Swift;Bad Blood
Taylor Swift ft. Kendrick Lamar;Bad Blood (Remix)
Miami Sound Machine;Bad boy
Alexandra Burke ft. Flo Rida;Bad Boys
Inner Circle;Bad Boys
Daniel Powter;Bad Day
Billie Eilish;Bad Guy
Ed Sheeran;Bad habits
Imagine Dragons;Bad Liar
Bon Jovi;Bad medicine
CCR;Bad Moon Rising
Lady GaGa;Bad Romance
Zucchero;Baila Morena
Enrique Iglesias;Bailamos
Angèle;Balance ton quoi
Lionel Richie;Ballerina Girl
Sweet;Ballroom Blitz
Gipsy Kings;Bamboleo
Jessie J, Ariana G & Nicki M;Bang Bang
Nancy Sinatra;Bang Bang
Bloc Party;Banquet
Aqua;Barbie Girl
Duck Sauce;Barbra Streisand
Green Day;Basket Case
Dean Lewis;Be Alright
Ofenbach;Be Mine
Ronettes;Be my baby
Vanessa Paradis;Be My Baby
La Bouche;Be my lover
Dua Lipa;Be The One
Michael Jackson;Beat It
Purple Disco Machine ft ÁSDÍS;Beat Of Your Heart
Christina Aguilera;Beautiful
U2;Beautiful Day
Sean Kingston;Beautiful Girls
Ne-Yo;Beautiful monster
Chris Brown ft. Benny Benassi;Beautiful People
Jesse McCartney;Beautiful Soul
Benson Boone;Beautiful Things
Pink;Beautiful Trauma
Ariana Grande & John Legend;Beauty and the Beast (+ duet)
Afroman;Because I Got High
Kelly Clarkson;Because of you
Bon Jovi;Bed of Roses
Midnight Oil;Beds Are Burning
Lewis Capaldi;Before You Go
Madcon;Beggin'
Måneskin;Beggin’
Limp Bizkit;Behind Blue Eyes
Who;Behind Blue Eyes
Kelly Clarkson;Behind These Hazel Eyes
Pet Shop Boys;Being Boring
Het Goede Doel;België
Cher;Believe
Mumford and Sons;Believe
Imagine Dragons;Believer
Michael Jackson;Ben
Gilla;Bend me, shape me
Foo Fighters;Best Of You
Kim Carnes;Bette Davis eyes
Crowded House;Better be home soon
Dove Cameron;Better In Stereo (TV)
Pearl Jam;Better Man
Alice Deejay;Better off alone
Kylie Minogue;Better the devil you know
Meghan Trainor;Better When Im Dancin
Papa Roach;Between Angels And Insects
Jamelia;Beware of the Dog
Queen;Bicycle Race (Freddie / backing)
Emilia;Big Big World
Mika;Big Girl You Are Beautiful
Fergie;Big Girls Don't Cry
Alphaville;Big in Japan
Fleetwood Mac;Big love
Bjork;Big Time Sensuality
Smiths;Bigmouth strikes again
Michael Jackson;Billy Jean
Girls Aloud;Biology
Billie Eilish;Birds Of A Feather
Meredith Brooks;Bitch
Verve;Bitter Sweet Symphony
Pearl Jam;Black
Sam Sparro;Black And Gold
Janet Jackson;Black Cat
All Saints;Black Coffee
Soundgarden;Black Hole Sun
KT Tunstall;Black Horse And The Cherry Tree
Los Bravos;Black is black
Michael Jackson;Black or white
Alannah Myles;Black Velvet
Jacksons;Blame it on the boogie
Taylor Swift;Blank Space
Bon Jovi;Blaze of glory
Leona Lewis;Bleeding love
Weeknd;Blinding Lights
Muse;Bliss
Ramones;Blitzkrieg Bop
Andre Hazes;Bloed, zweet en tranen
P!nk ;Blow Me (One Last Kiss)
Eiffel 65;Blue
Roy Orbison;Blue Bayou
Elvis Presley;Blue Christmas
Chris Isaak;Blue Hotel
David Bowie;Blue Jean
New Order;Blue Monday
Elvis Presley;Blue Suede Shoes
Robin Thicke ft. Pharrell Williams;Blurred Lines
Dandy Warhols;Bohemian Like You
Queen;Bohemian Rhapsody (Freddie / backing)
Imagine Dragons;Bones
Earth, Wind & Fire;Boogie Wonderland
Vengaboys;Boom Boom Boom Boom
Black Eyed Peas;Boom Boom Pow
Shaggy;Boombastic
Destiny's Child;Bootylicious
Madonna;Borderline
Bruce Springsteen;Born In The USA
CCR;Born On The Bayou
Lady GaGa;Born This Way
Patrick Hernandez;Born To Be Alive
Steppenwolf;Born to be wild
Lana Del Rey;Born To Die
Britney Spears;Born To Make You Happy
Bruce Springsteen;Born To Run
Damiano David;Born With a Broken Heart
Green Day;Boulevard of Broken Dreams
Calvin Harris ft. Kelis;Bounce
Alphabeat;Boyfriend
Ashlee Simpson;Boyfriend
Britney Spears ft. Pharrell;Boys (Co-Ed Remix)
Sabrina;Boys (Summertime love)
Cure;Boys Don't Cry
Green Day;Brain Stew
Pretenders;Brass In Pocket
Dua Lipa;Break My Heart
Matthew Wilder;Break My Stride
Tracey Ullman;Breakaway
Deep Blue Something;Breakfast At Tiffany's
Red Hot Chili Peppers;Breaking The Girl
Linkin Park;Breaking The Habit
Judas Priest;Breaking The Law
Garbage;Breaking Up The Girl
Swing Out Sister;Breakout
Queen;Breakthru
Michelle Branch;Breathe
Ariana Grande;Breathin
Arctic Monkeys;Brianstorm
Simon & Garfunkel;Bridge Over Troubled Water
Orson;Bright Idea
Killers;Brightside
S Club 7;Bring it all back
Evanescence;Bring Me To Life
Papa Roach;Broken Home
James Morrison ft. Nelly Furtado;Broken strings
Mr Mister;Broken Wings
Modern Talking;Brother Louie
Dire Straits;Brothers In Arms
Van Morrison;Brown Eyed Girl
Boney M;Brown girl in the ring
Geier Sturzflug;Bruttosozialprodukt
Angèle;Bruxelles je t'aime
Colbie Caillat;Bubbly
George Ezra;Budapest
Weezer;Buddy Holly
Bob Marley;Buffalo Soldier
Neneh Cherry;Buffalo Stance
Foundations;Build Me Up Buttercup
Smashing Pumpkins;Bullet With Butterfly Wings
Ellie Goulding;Burn
Talking Heads;Burning Down The House
Survivor;Burning Heart
Billie Eilish;Bury a friend
BTS;Butter
Muse;Butterflies And Hurricanes
Pussycat Dolls;Buttons
Boney M;By the  Rivers of Babylon
N'Sync;Bye bye bye
Plastic Bertrand;Ca plane pour moi
Mamas & the Papas;California Dreamin'(duet)
Katy Perry ft. Snoop Dogg;California Gurls
Red Hot Chili Peppers;Californication
Blondie;Call me
Carly Rae Jepsen;Call Me Maybe
Evanescence;Call Me When You're Sober
Eric Prydz;Call on me
Robyn;Call Your Girlfriend
Snow Patrol;Called Out In The Dark
Kim Wilde;Cambodia
Iron Maiden;Can I play with madness
Jacksons;Can You Feel It
Elton John;Can you feel the love tonight
Elton John;Candle in the wind
Breeders;Cannonball
Beatles;Can't Buy Me Love
Weeknd;Can't Feel My Face
LeAnn Rimes;Can't Fight The Moonlight
REO Speedwagon;Can't fight this feeling
Barry White;Can't Get Enough Of Your Love Baby
Kylie Minogue;Cant Get You Out Of My Head
Elvis Presley;Can't help falling in love
Macklemore & Ryan Lewis;Can't Hold Us
Ricki-Lee;Can't Sing A Different Song
Police;Can't Stand Losing You
Gloria Estefan;Can't stay away from you
Red Hot Chili Peppers;Can't Stop
Justin Timberlake;Can't stop the feeling!
Captain Jack;Captain Jack
Rose Royce;Car Wash
Soulwax;Caramel
George Michael;Careless Whisper
Billy Ocean;Caribbean Queen
Drukwerk;Carolien
Melanie Martinez;Carousel
Europe;Carrie
Aqua;Cartoon heroes
Patrick Bruel;Casser la voix
Ed Sheeran;Castle On The Hill
Freya Ridings;Castles
Paramore;Caught In The Middle
Madonna;Causing a commotion
Simon & Garfunkel;Cecilia
Kool & The Gang;Celebration
Hole;Celebrity Skin
Fall Out Boy;Centuries
Aretha Franklin;Chain of fools
Diana Ross;Chain Reaction
Tina Arena;Chains
Oasis;Champagne Supernova
Sia;Chandelier
Tears for Fears ;Change
David Bowie;Changes
Snow Patrol;Chasing Cars
Adele;Chasing Pavements
Norah Jones;Chasing Pirates
Fratellis;Chelsea Dagger
Kim Wilde;Chequered Love
Modern Talking;Cheri, Cheri Lady
Kool & The Gang;Cherish
Madonna;Cherish
DJ Bobo;Chihuahua 2002
T. Rex;Children of the Revolution
David Bowie;China Girl
T'Pau;China In Your Hand
ABBA;Chiquitita
Middle Of The Road;Chirpy Chirpy Cheep Cheep
System Of a Down;Chop Suey
Christine and The Queens;Christine
Coldplay;Christmas Lights
Bryan Adams;Christmas Time
Culture Club;Church of the Poison Mind
Belinda Carlisle;Circle in the sand
Tenacious D;Classico
Gorillaz;Clint Eastwood
Coldplay;Clocks
Cure;Close to Me
Carpenters;Close to you
Maxi Priest;Close To You
Ne-Yo;Closer
Kate Bush;Cloudbusting
Flo Rida ft. David Guetta;Club Can't Handle Me
Wham;Club Tropicana
Fergie;Clumsy
Eddie Cochran;C'mon Everybody
Elvis Presley;C'mon Everybody
Eric Clapton;Cocaine
Audioslave;Cochise
Mr. President;Coco Jamboo
DÖF;Codo (Ich düse im Sauseschritt) (duet)
Foreigner;Cold as Ice
Elton John and Dua Lipa;Cold Heart (+ duet)
Dana;Cold, Cold Christmas
Selena Gomez;Come And Get It
Nirvana;Come As You Are
Paul Young;Come Back and Stay
Hilary Duff;Come clean
Dexy's Midnight Runners;Come On Eileen
Jessica Simpson;Come On Over
Offspring;Come Out and Play
Beatles;Come Together
Duran Duran;Come Undone
Robbie Williams;Come Undone
Pink Floyd;Comfortably Numb
Carly Simon;Coming around again
Pulp;Common People
Avril Lavigne;Complicated
Andrea Bocelli;Con Te Partirò
Demi Lovato;Confident
Miami Sound Machine;Conga
Cliff Richard;Congratulations
Foo Fighters;Congregation
Demi Lovato;Cool For The Summer
Barry Manilow;Copacabana
Billie Eilish;COPYCAT
Jamiroquai;Cosmic Girl
Rednex;Cotton Eye Joe
Whitney Houston & Enrique Iglesias;Could I have this kiss forever
Take That;Could It Be Magic
Bob Marley;Could you be loved
Hermes House Band;Country Roads
Ch!pz;Cowboy
Savage Garden;Crash and burn
Busted;Crashed the Wedding
Linkin Park;Crawling
Britney Spears;Crazy
Aerosmith;Crazy
Gnarls Barkley;Crazy
Patsy Cline;Crazy
Seal;Crazy
Charlotte Church;Crazy Chick
Madonna;Crazy For You
Beyonce;Crazy In Love
Queen;Crazy Little Thing Called Love
Prince and The New Power Generation;Cream
Radiohead;Creep
Stone Temple Pilots;Creep
Elton John;Crocodile Rock
Bananarama;Cruel Summer
Jennifer Paige;Crush
Justin Timberlake;Cry Me A River
Pixie Lott;Cry Me Out
Roy Orbison;Crying
A-Ha;Crying In The Rain
XX;Crystalised (duet)
Roachford;Cuddly Toy
Quiet Riot;Cum On Feel The Noize
Gloria Estefan;Cuts Both Ways
Bryan Adams;Cuts Like A Knife
Crystals;Da Doo Ron Ron
Rod Stewart;Da ya think I´m sexy
Clouseau;Daar Gaat Ze
Boney M;Daddy Cool
Stereophonics;Dakota
Fall Out Boy;Dance Dance
Wang Chung;Dance hall days
Terence Trent D´Arby;Dance little sister
Ghost;Dance Macabre
Tones And I;Dance Monkey
Dua Lipa;Dance The Night
Bruce Springsteen;Dancing in the Dark
Martha Reeves And The Vandellas;Dancing In The Street
Robyn;Dancing On My Own
Lionel Richie;Dancing On The Ceiling
ABBA;Dancing Queen
Sam Smith ft Normani;Dancing with a stranger (+ duet)
Billy Idol;Dancing with myself
Ultravox;Dancing with tears in my eyes
Kenny Loggins;Danger Zone
Red Hot Chili Peppers;Dani California
K3;Dans van de farao
Don Omar ft. Lucenzo;Danza Kuduro
Gorillaz;Dare
Katy Perry;Dark Horse
Pearl Jam;Daughter
Monkees;Daydream Believer
David Kushner;Daylight
Police;De Do Do Do, De Da Da Da
Bart Van Den Bossche;De Heuveltjes Van Erika
Samson & Gert;De Wereld Is Mooi
Muse;Dead Inside
XTC;Dear God
Pink;Dear Mr. President
Pixies;Debaser
Paramore;Decode
Steps;Deeper Shade Of Blue
Jamiroquai;Deeper Underground
Tom Jones;Delilah
Imagine Dragons;Demons
Bernd Cluver;Der Junge Mit Der Mundharmonika
Falco;Der Kommissar
Mylène Farmer;Désenchantée
U2;Desire
Luis Fonsi ft. Daddy Yankee;Despacito
INXS ;Devil Inside
Beck;Devil's Haircut
Zucchero;Diamante
Alan Walker ft. Sophia Somajo;Diamond Heart
Rihanna;Diamonds
Sam Smith;Diamonds
Lady Gaga & Bruno Mars;Die With A Smile
Cutting Crew;Died In Your Arms
De Kleine Zeemeermin;Diep In De Zee
Faith No More;Digging The Grave
Daft Punk;Digital Love
Teach-In;Ding-a-dong
Christina Aguilera ft. Redman;Dirrty
ACDC;Dirty deeds done dirt cheap (Live)
Michael Jackson;Dirty Diana
All-American Rejects;Dirty Little Secret
INXS;Disappear
Smashing Pumpkins;Disarm
Pulp;Disco 2000
Lady Gaga;Disease
Usher & Pitbull;DJ Got Us Falling In Love Again
Arctic Monkeys;Do I Wanna Know
Röyksopp & Robyn;Do It Again
Britney Spears;Do Somethin'
Captain & Tennille;Do that to me one more time
Band Aid;Do They Know It's Christmas
Dolly Dots;Do wah diddy diddy
Manfred Mann;Do Wah Diddy Diddy
Contours;Do You Love Me (Billy)
Culture Club;Do You Really Want To Hurt Me
Franz Ferdinand;Do You Want To
ABBA;Does Your Mother Know (lead / Back)
Florence + The Machine;Dog Days Are Over
Ryan Paris;Dolce vita
Melanie Martinez;Dollhouse
Clouseau;Domino
Jessie J;Domino
Zucchero;Donne
Alan Parsons Project;Don't answer me
Elvis Presley;Don't Be Cruel
Shania Twain;Don't Be Stupid
Electric Light Orchestra;Don't bring me down
Ariana G, Miley C & Lana DR;Don't call me angel
Pussycat Dolls;Don't Cha
Guns N' Roses;Don't Cry
Madonna;Don't Cry For Me Argentina
Crowded House;Don't Dream It's Over
Pretenders;Don't get me wrong
Kate Bush & Peter Gabriel;Don't Give Up (+ duet)
Peter Gabriel & Kate Bush;Don't give up (+ duet)
Yazoo;Don't Go
Elton John & Kiki Dee;Don't Go Breaking My Heart
Potbelleez;Don't Hold Back
Norah Jones;Don't Know Why
Animals;Don't Let Me Be Misunderstood
Britney Spears;Don't Let Me Be The Last To Know
Elton John & George Michael;Don't Let the Sun Go Down on Me (+ duet)
Oasis;Don't Look Back in Anger
Phil Collins;Don't Lose My Number
No Doubt;Don't speak
Police;Don't Stand So Close To Me
Dua Lipa;Don't Start Now
Fleetwood Mac;Don't Stop
Journey;Don't stop Believing
Queen;Don't Stop Me Now
S Club 7;Don't Stop Movin'
Rihanna;Don't stop the music
Michael Jackson;Don't stop till you get enough
Ace Of Base;Don't Turn Around
Jade;Don't Walk Away
Gloria Estefan;Don't wanna lose you
Bobby McFerrin;Don't Worry Be Happy
Simple Minds;Don't You Forget About Me
Human League;Don't You Want Me (duet)
Black Eyed Peas;Don't you worry (duet)
Swedish House Mafia;Don't You Worry Child
Cher;Dov'e l'Amore
CCR;Down On The Corner
Men at Work;Down Under
Petula Clark;Downtown
Aqua;Dr. Jones
10CC;Dreadlock Holiday
Depeche Mode;Dream On
Ozzy Osbourne;Dreamer
Supertramp;Dreamer
Fleetwood Mac;Dreams
2 Brothers on the 4th Floor;Dreams (Will Come Alive)
Roxette;Dressed for success
Captain jack;Drill instructor
Cars;Drive
Beatles;Drive My Car
Olivia Rodrigo;Drivers license
Sniff'n the Tears;Driver's Seat
Chris Rea;Driving Home For Christmas
Train;Drops of Jupiter
Backstreet Boys;Drowning
Beyoncé ft. Jay-Z;Drunk in love (+ duet)
Dschinghis Khan;Dschinghis Khan
Dschinghis Kahn;DschinghisKahn
Chris Roberts;Du Kannst Nicht Immer 17 Sein
Me & My;Dub-I-Dub
Aerosmith;Dude (Looks like a lady)
Propaganda;Duel
Tokio Hotel;Durch den Monsun
Kansas;Dust in the Wind
BTS;Dynamite
Taio Cruz;Dynamite
Commodores;Easy
Faith No More;Easy
Phil Collins;Easy Lover (+ duet)
Adele;Easy on me
Paul McCartney & Stevie Wonder;Ebony and Ivory
Andre Hazes;Een beetje verliefd
Beatles;Eight Days A Week
Nicole;Ein bißchen Frieden
DJ Ötzi & Nik P.;Ein Stern (Der Deinen Namen Trägt)
Grauzone;Eisbär
Simon & Garfunkel;El Condor Pasa
Beatles;Eleanor Rigby
Silk City, Dua Lipa & Mark Ronson;Electricity
U2;Elevation
Kate Ryan;Ella elle l'a
France Gall;Ella, elle l'a
Jay-Z ft. Alicia Keys;Empire State Of Mind
Rammstein;Engel
Sting;Englishman in New York
Depeche Mode;Enjoy The Silence
OMD;Enola Gay
Metallica;Enter Sandman
Metallica & Symphony;Enter Sandman
Faith No More;Epic
Marianne Rosenberg;Er Gehort Zu Mir
Wencke Myrhe;Er Hat Ein Knallrotes Gummiboot
Andre Van Duin;Er Staat Een Paard In De Gang
Cardigans;EraseRewind
Madonna;Erotica
Kylie Minogue & Jason Donovan;Especially For You (duet)
Sabrina Carpenter;Espresso
Nadiya;Et c'est parti
Atomic Kitten;Eternal Flame
Bangles;Eternal Flame
Robbie Williams;Eternity
Loreen;Euphoria
Joost Klein;Europapa
Cascada;Evacuate The Dancefloor
Pearl Jam;Even Flow
Sandra;Everlasting love
Foo Fighters;Everlong
Police;Every Breath You Take
Police;Every Little Thing She Does Is Magic
Poison;Every Rose Has Its Thorn
Coldplay;Every Teardrop Is A Waterfall
Ellie Goulding;Every Time You Go
Placebo;Every You Every me
Backstreet Boys;Everybody
Black Box;Everybody Everybody
Five;Everybody Get Up
R.E.M.;Everybody Hurts
Blues Brothers;Everybody needs somebody to love
Tears for Fears;Everybody Wants To Rule The World
Keane;Everybody's Changing
Evanescence;Everybody's fool
Bon Jovi;Everyday
Depeche Mode;Everything counts
Boy George;Everything I own
Billie Eilish;everything i wanted
Wham;Everything she wants
Ariana Grande;everytime
Britney Spears;Everytime
Cascada;Everytime We Touch
Paul Young;Everytime you go away
Fleetwood Mac;Everywhere
Michelle Branch;Everywhere
No Doubt;Ex-Girlfriend
Taylor Swift ft Bon Iver;exile
Madonna;Express Yourself
Survivor;Eye Of The Tiger
Ed Sheeran ;Eyes Closed
Jay Sean ft  Rishi Rich Project;Eyes On You
Billy Idol;Eyes without a face
Visage;Fade to grey
Otis Redding;Fa-Fa-Fa-Fa-Fa (sad song)
Simply Red;Fairground
Alexander Rybak;Fairytale
Sunrise Ave;Fairytale Gone Bad
Pogues ft. Kirsty MacColl;Fairytale of New York (duet)
George Michael;Faith
Alicia Keys;Fallin'
Korn;Falling Away From Me
UB40;Falling in love with you (I can't help)
David Bowie;Fame
Irene Cara;Fame
Earth, Wind & Fire;Fantasy
Alphabeat;Fascination
Queen;Fat Bottomed Girls (Freddie / backing)
Sum 41;Fat Lip
Ronan Keating;Father And Son
Cat Stevens;Father and Son (+ duet)
George Michael;Father figure
Iron Maiden;Fear of the Dark
Robbie Williams;Feel
Gorillaz;Feel Good INC
Portugal The Man;Feel It Still
Bad Company;Feel Like Makin' Love
Calvin Harris;Feel So Close
Dinosaur Jr.;Feel the pain
Morris Albert;Feelings
Calvin Harris ft. Pharrell W, Katy P;Feels
Amy Grant;Feliz Navidad
José Feliciano ;Feliz Navidad
K-Maro;Femme like u
ABBA;Fernando
Rammstein;Feuer Frei
Madonna;Fever
Peggy Lee;Fever
Dua Lipa and Angèle;Fever (+ duet)
Sting;Fields of Gold
Pogues;Fiesta
Rex Gildo;Fiesta Mexicana
Beastie Boys;Fight For Your Right
Christina Aguilera;Fighter
Europe;Final Countdown
Ce Ce Peniston;Finally
Pointer Sisters;Fire
Bloodhound Gang;Fire Water Burn
Pitbull ft. John Ryan;Fireball
Owl City;Fireflies
Katy Perry;Firework
Blink 182;First Date
Rasmus;First day of my life
Lifehouse;First Time
Robin Beck;First Time
Coldplay;Fix You
David Guetta & Sia;Flames
Irene Cara;Flashdance (What A Feeling)
Ellie Goulding ft. DJ Fresh;Flashlight
Jessie J;Flashlight
Angèle;Flou
Miley Cyrus ;Flowers
Lenny Kravitz;Fly Away
Steve Miller Band;Fly Like an Eagle
Frank Sinatra;Fly Me to the Moon
Westlife;Flying Without Wings
Uncle Kracker;Follow Me
Genesis;Follow You, Follow Me
Debbie Gibson;Foolish Beat
Jewel;Foolish Games
Stone Roses;Fools Gold
Kenny Loggins;Footloose
ACDC;For those about to rock
Metallica;For whom the bell tolls
Sheena Easton;For Your Eyes Only
Nelly Furtado;Força
Alphaville;Forever Young
Stromae;Formidable
CCR;Fortunate Son
Rihanna, Kanye West & Paul McCartney;Four Five Seconds
Sweet;Fox on the run
Bloodhound Gang;Foxtrott Uniform Charlie Kilo
Korn;Freak on a Leash
Ultra Nate;Free
Tom Petty;Free Fallin
En Vogue;Free Your Mind
GALA;Freed from desire
George Michael;Freedom 90
Cure;Friday I'm In Love
Easybeats;Friday On My Mind
Marshmello & Anne-Marie;Friends
Beatles;From Me To You
Faith No More;From out of Nowhere
Shania Twain;From this moment on
Madonna;Frozen
Tenacious D;Fuck Her Gently
Lily Allen;Fuck you
P!nk ;Fuckin' Perfect
Lipps Inc;Funky Town
Eros Ramazzotti & Carlos Santana;Fuoco nel fuoco
Jannes;Ga Maar Weg
Ed Sheeran;Galway Girl
Peter Gabriel;Games without frontiers
Psy;Gangnam Style
Papa AP;Gasolina
Beatles;Get Back
Anna Kendrick;Get Back Up Again
Kool & The Gang;Get down on it
Madonna;Get Into The Groove
T. Rex;Get it on
Lloyd;Get It Shawty
Daft Punk;Get Lucky
Billy Ocean;Get outta my dreams
Temptations;Get Ready
James Brown;Get Up (Sex Machine)
Bob Marley;Get Up, Stand Up
David Guetta & Chris Willis;Gettin' over You
Ray Parker jr.;Ghostbusters
Pixies;Gigantic
ZZ Top;Gimme All Your Lovin
ABBA;Gimme Gimme Gimme
Eddy Grant;Gimme Hope Jo'anna
Anouk;Girl
Black Eyed Peas;GIRL LIKE ME
Alicia Keys;Girl On Fire
Avril Lavigne;Girlfriend
Smiths;Girlfriend in a coma
Beastie Boys;Girls
Blur;Girls & Boys
Good Charlotte;Girls And Boys
Cyndi Lauper;Girls Just Wanna Have Fun
Maroon 5;Girls Like You
Duran Duran;Girls on film
Supertramp;Give A Little Bit
Red Hot Chili Peppers;Give It Away
Madonna;Give It To Me
Ed Sheeran;Give Me Love
Demi Lovato;Give Your Heart A Break
All-American Rejects;Gives you hell
Umberto Tozzi;Gloria
Andreas Johnson;Glorious
Portishead;Glory Box
Peter Cetera;Glory of love
Bush;Glycerine
Pet Shop Boys;Go West
Queens Of The Stone Age;Go With The Flow
Fleetwood Mac;Go Your Own Way
Evanescence;Going under
Spandau Ballet;Gold
Yeah Yeah Yeahs;Gold Lion
Stranglers;Golden brown
Tina Turner;GoldenEye
Razorlight;Goldentouch
Olivia Rodrigo;Good 4 u
Inner City;Good Life
Chappell Roan;Good Luck, Babe!
Green Day;Good Riddance (Time of your life)
Feder ft. Lyse;Goodbye
James Blunt;Goodbye my lover
Janet Jackson;Got ’Til It’s Gone
Mika;Grace Kelly
Jerry Lee Lewis;Great Balls of Fire
Ting Tings;Great DJ
Whitney Houston;Greatest Love Of All
Lorde;Green Light
Bruno Mars;Grenade
Deee-lite;Groove is in the Heart
Spiller & Sophie Ellis-Bextor;Groovejet (If this ain't love)
Blue;Guilty
Shakira;Gypsy
Leonard Cohen;Hallelujah (+ duet)
Kinderen voor Kinderen;Hallo Wereld
Beyoncé;Halo
Jewel;Hands
Alanis Morissette;Hands Clean
Ottawan;Hands Up! (+ duet)
Robyn;Hang With Me
Lifehouse;Hanging By A Moment
Ellie Goulding;Hanging On (Edit)
Marshmello ft. Bastille;Happier
Sam Sparro;Happiness
Zedd & Elley Duhé;Happy Now
John Lennon;Happy Xmas
Chicago;Hard habit to break
Lily Allen;Hard out here
Lordi;Hard Rock Hallelujah
Hard Fi;Hard To Beat
Chicago;Hard to say I'm sorry
Blof;Harder dan ik hebben kan
Neil Young;Harvest Moon
Hives;Hate To Say I Told You So
Peter Fox;Haus am See
Camila Cabello ft. Young Thug;Havana (+ duet)
Bon Jovi;Have a nice day
CCR;Have You Ever Seen The Rain
Pretenders ;Have Yourself A Merry Little Christmas
Avril Lavigne;He wasn't
Joel Corry x MNEK ;Head & Heart
Ofenbach;Head Shoulders Knees & Toes
Michael Jackson;Heal the world
Pet Shop Boys;Heart
Huey Lewis and The News;Heart and Soul
Demi Lovato;Heart Attack
Blondie;Heart Of Glass
Neil Young;Heart of Gold
Annie;Heartbeat
Nirvana;Heart-Shaped Box
Asia;Heat Of The Moment
Avicii ft. Chris Martin;Heaven
Bryan Adams;Heaven
Emeli Sandé;Heaven
Belinda Carlisle;Heaven Is A Place On Earth
Tavares;Heaven must be missing an angel
Volbeat;Heaven nor hell
Gossip;Heavy Cross
Frans Bauer;Heb Je Even Voor Mij
My Chemical Romance;Helena
Roch Voisine;Helene
London Grammar;Hell to the Liars
No Doubt;Hella Good
Adele;Hello
Lionel Richie;Hello
Martin Solveig ft. Dragonette;Hello
ACDC;Hells Bells (Live)
Beatles;Help!
Ini Kamoze;Here Comes the Hotstepper
Eurythmics;Here comes the rain again
Beatles;Here Comes The Sun
Pixies;Here comes your man
Whitesnake;Here I go again
OK GO;Here It Goes Again
Dido;Here With Me
Three Doors Down;Here Without You
Mariah Carey;Hero
Nickelback;Hero (+ duet)
David Bowie;Heroes
Sister Sledge;He's The Greatest Dancer
Guus Meeuwis;Het Is Een Nacht (Levensecht)
Boudewijn de Groot;Het land van Maas en Waal
De Kreuners;Het Regent Meer Dan Vroeger
DJ Ötzi;Hey Baby
No Doubt;Hey Baby
Gin Blossoms;Hey Jealousy
Jimi Hendrix Experience;Hey Joe (Live)
Beatles;Hey Jude
Black Eyed Peas;Hey Mama
Plain White T's;Hey There Delilah
Outkast;Hey Ya
Train;Hey, Soul Sister
Kiesza;Hideaway
Lighthouse Family;High
Panic! At The Disco;High Hopes
Creed;Higher
Jackie Wilson;Higher And Higher (+ duet)
ACDC;Highway To Hell
Huey Lewis and The News;Hip to be square
Georgia Satellites;Hippy Hippy Shake
Blu Cantrell;Hit 'Em Up Style
Pat Benatar;Hit me with your best shot
Johnny Logan;Hold me now
Lady Gaga;Hold my hand
Wilson Phillips;Hold On
Toto;Hold The Line
Simply Red;Holding back the years
Bonnie Tyler;Holding Out For A Hero
Madonna;Holiday
Gwen Stefani;Hollaback Girl
Simon & Garfunkel;Homeward Bound
Billy Joel;Honesty
Olivia Newton-John;Hopelessly devoted to you
Mousse T. Vs. Hot 'N' Juicy;Horny
Katy Perry;Hot N Cold
Donna Summer;Hot Stuff
Chappell Roan;HOT TO GO!
Dua Lipa;Hotter Than Hell
Elvis Presley;Hound Dog
Kate Bush;Hounds of love
Madness;House Of Fun
Animals;House Of The Rising Sun
OMC;How Bizarre
Bee Gees;How Deep Is Your Love
Calvin Harris & Disciples;How Deep Is Your Love
LeAnn Rimes;How Do I Live
Dean Lewis ;How Do I Say Goodbye
Roxette;How do you do!
Avril Lavigne;How Does It Feel
Matchbox Twenty;How Far We've Come
Smiths;How Soon is Now
Fray;How To Save A Life
Whitney Houston;How Will I Know
Nickelback;How You Remind Me
Milow;Howling At The Moon
Human League;Human
Killers;Human
Rag'n'Bone Man;Human
Bjork;Human Behaviour
Michael Jackson;Human Nature
Eric Carmen;Hungry Eyes
Duran Duran;Hungry Like The Wolf
Dido;Hunter
Bloc Party;Hunting For Witches
A-Ha;Hunting High And Low
Dido;Hurricanes
Christina Aguilera;Hurt
Johnny Cash;Hurt
Kula Shaker;Hush
Coldplay ft. Beyoncé;Hymn for the weekend
Pretenders;Hymn to Her
Bjork;Hyperballad
Purple Disco Machine;Hypnotized
Live;I Alone
Pearl Jam;I Am Mine
Dannii Minogue;I Begin To Wonder
R Kelly;I Believe I Can Fly
Darkness;I Believe in a Thing Called Love
Arctic Monkeys;I Bet you Look Good on the Dance Floor
Johnny Nash;I Can See Clearly Now
Kelly Family;I can´t help myself (duet)
Genesis;I Can't Dance
Hall & Oates;I Can't Go for That (No Can Do)
Four Tops;I Can't Help Myself
Bryan Adams;I do it for you (Everything I do)
ABBA;I Do, I Do, I Do, I Do
Ed Sheeran and Justin Bieber;I don't care (+ duet)
Scissor Sisters;I Don't Feel Like Dancin'
Pussycat Dolls;I Don't need a Man
Eddy Grant;I Don't Wanna Dance
Texas;I don't want a lover
Aerosmith;I Don't Want To Miss A Thing
Cyndi Lauper;I Drove All Night
Chaka Khan;I feel for you
James Brown;I Feel Good
Weeknd ft. Daft Punk;I Feel It Coming
Donna Summer;I Feel Love
Martika;I feel the Earth move
Belinda Carlisle;I get weak
Will.I.Am;I Got It From My Mama
UB40 with Chrissie Hynde;I Got You Babe
Sonny and Cher;I Got You Babe (Sonny / Cher)
Black Eyed Peas;I Gotta Feeling (+ duet)
Elton John;I Guess That's Why They Call It The Blues
Three Days Grace;I Hate Everything About You
ABBA;I Have A Dream
Whitney Houston;I Have Nothing
Bananarama;I Heard A Rumour
CCR;I Heard It Through The Grapevine
Marvin Gaye;I Heard It Through The Grapevine
Stevie Wonder;I just called to say I love you
White Stripes;I Just Don't Know What To Do With Myself
Good Charlotte;I Just Wanna Live
Katy Perry;I Kissed A Girl
Aretha Franklin & George Michael;I Knew You Were Waiting (For Me) (+ duet)
Frida;I know there's something going on
Annie;I Know Ur Girlfriend Hates Me
Pitbull;I Know You Want Me (Calle Ocho)
Enrique Iglesias ft. Pitbull;I Like It
Artemas;I like the way you kiss me
Reel 2 Real;I like to move it
Icona Pop & Charli XCX;I Love It
Joan Jett & The Blackhearts;I Love Rock N' Roll
Blink 182;I Miss You
Aloe Blacc;I need a Dollar
Calvin Harris ft. Ellie Goulding;I Need Your Love
Bros;I Owe You Nothing
Kaiser Chiefs;I Predict A Riot
Nick Kamen;I promised myself
A Flock of Seagulls;I Ran (So Far Away)
Eric Clapton;I Shot The Sheriff
Kylie Minogue;I Should Be So Lucky
Bloc Party;I still remember
All 4 One;I Swear
Garbage;I Think I'm Paranoid
Tiffany;I Think We're Alone Now
Divinyls;I Touch Myself
Macy Gray;I Try
Johnny Cash;I Walk The Line
Stone Roses;I Wanna Be Adored
Marilyn Monroe;I Wanna Be Loved By You
Ramones;I wanna be sedated
W.A.S.P.;I wanna be somebody
Whitney Houston;I Wanna Dance With Somebody
Jessica Simpson;I Wanna Love You Forever
Twisted Sister;I Wanna Rock
Color Me Badd;I Wanna Sex You up
Queen;I Want It All
Backstreet Boys;I Want It That Way
Deborah Harry ;I want that man
Queen;I Want To Break Free
Beatles;I Want To Hold Your Hand
Foreigner;I Want To Know What Love Is
Savage Garden;I Want You
Jackson 5;I Want You Back
Cheap Trick;I Want You To Want Me
George Michael;I Want Your Sex
KISS;I Was Made For Loving You
Whitney Houston;I Will Always Love You
U2;I will follow
Gloria Gaynor;I Will Survive
Mumford & Sons ;I Will Wait (Album Version)
Panic! At The Disco;I Write Sins Not Tragedies
Pretenders;I´ll Stand By You
Vanilla Ice;Ice Ice Baby
Within Temptation;Ice Queen
Marianne Rosenberg;Ich bin wie du
Bon Jovi;I'd die for you
Meatloaf;I'd Do Anything for Love
Dua Lipa;IDGAF
Outkast;Idlewild Blues (Don't Chu Worry)
Heideroosjes;Iedereen Is Gek
Kim Wilde ;If I Can't Have You
Cher;If I Could Turn Back Time
Westlife;If I let you go
Beyoncé;If I were a boy
Sydney Youngblood;If only i could
Simply Red;If you don't know me by now
Chicago;If You Leave Me Now
Terence Trent D'Arby;If you let me stay
Sting;If you love somebody set them free
Manic Street Preachers;If you tolerate this
Daniel Bedingfield;If You're Not the One
Nielson;IJskoud
Gordon;Ik bel je zomaar even op
Bart Herman;Ik ga dood aan jou
Mart Hoogkamer;Ik Ga Zwemmen
Wolter Kroes;Ik Heb De Hele Nacht Liggen Dromen
Gers Pardoel;Ik neem je mee
De Kreuners;Ik Wil Je
France Gall;Il Jouait Du Piano Debout
Toto;I'll be over you
Jess Glynne;I'll Be There
Rembrandts;I'll Be There for You
Lenny Kravitz;I'll Be Waiting
Boyz II Men;I'll Make Love To You
Backstreet Boys;I'll Never Break Your Heart
Lady Gaga;I'll Never Love Again
N'Sync;I'll Never Stop
Gummibär;I'm a Gummy Bear
Britney Spears;I'm a Slave 4 U
Diana Ross;I'm Coming Out
Proclaimers;I'm gonna be (500 miles)
Nelly Furtado;I'm Like A Bird
Britney Spears;Im Not A Girl, Not Yet A Woman
10CC;I'm Not In Love
My Chemical Romance;I'm not okay (I promise)
Eighth Wonder;I'm Not Scared
Sam Smith;I'm Not The Only One
Bruce Springsteen;I'm on Fire
Anastacia;I'm Outta Love
Elton John;I'm Still Standing
Avril Lavigne;I'm With You
Whitney Houston;I'm Your Baby Tonight
Jason Mraz;I'm Yours
John Lennon;Imagine
Cindy & Bert;Immer wieder Sonntags (+ duet)
Cure;In Between Days
Nirvana;In Bloom
Roy Orbison;In Dreams
Dr. Hook;In love with a beautiful woman
Shawn Mendes;In My Blood
Coldplay;In My Place
Dusty Springfield;In Private
Phil Collins;In The Air Tonight
Status Quo;In the Army now
Linkin Park;In The End
Sandra;In The Heat Of The Night
Razorlight;In The Morning
Village People;In the Navy
Rasmus;In The Shadows
Genesis;In too deep
Sum 41;In Too Deep
Kylie Minogue;In Your Eyes
Weeknd;In Your Eyes
Robyn;Indestructible
Watershed;Indigo Girl
Guru Josh Project;Infinity 2008
Snow;Informer
Texas;Inner Smile
Queen;Innuendo
Faithless;Insomnia
Kadanz;Intimiteit
Nick Cave & The Bad Seeds;Into My Arms
Madonna;Into The Groove
Santana;Into The Night
Genesis;Invisible Touch
Nena;Irgendwie, Irgendwo, Irgendwann
Goo Goo Dolls;Iris
Alanis Morissette;Ironic
Keane;Is It Any Wonder
Bob Marley;Is this love
Whitesnake;Is this love
Weezer;Island in the Sun
Stevie Wonder;Isn't she lovely
Julia Michaels;Issues
Lenny Kravitz ;It Ain't Over 'Til It's Over
Madness;It must be love
Roxette;It Must Have Been Love
Albert Hammond;It Never Rains In Southern California
Marvin Gaye & Kim Weston;It Takes Two (Marvin / Kim)
Shaggy ft. Rikrok;It wasn't me
Britney Spears;It’s The Most Wonderful Time Of The Year
Bonnie Tyler;It's a heartache
James Brown;It's a man's man's man's world
Pet Shop Boys;It's a Sin
Meatloaf;It's All Coming Back To Me Now
Michael Bublé;It's Beginning to Look a lot Like Christmas
Miraculous;It's Ladybug! (+ Duet)
Bon Jovi;Its My Life
No Doubt;It's My Life
Talk Talk;It's my life
Klaxons;It's Not Over Yet
Lemar;It's Not That Easy
Tom Jones;It's Not Unusual
Elvis Presley;It's now or never
Björk;It's Oh So Quiet
Sting ft. Eric Clapton;It's probably me
Weather Girls;It's Raining Men
R.E.M.;It's the end of the world
Amy Grant;It's the most wonderful Time of the Year
Evermore;It's Too Late
Run DMC;It's Tricky
Otis Redding;I've Got Dreams to Remember
Charlene;I've Never Been To Me
Grace Jones;I've seen that face before
Alizée;J´en Ai Marre
Pussycat Dolls;Jai Ho
Elvis Presley;Jailhouse Rock
Carpenters;Jambalaya
Bob Marley;Jamming
Aerosmith;Janie's Got A Gun
Toy Story;Je bent een vriend van mij
Martin Solveig;Jealousy
Falco;Jeanny Part 1
Jennifer Lopez;Jenny From The Block
Nino De Angelo;Jenseits Von Eden
Pearl Jam;Jeremy
Caesars;Jerk It Out
Joshua Kadison;Jessie
Green Day;Jesus of Suburbia
Boudewijn de Groot;Jimmy
Shakin’ Stevens ;Jingle Bell Rock
Bee Gees;Jive Talkin
Vanessa Paradis;Joe le taxi
Robert Palmer;Johnny and Mary
Chuck Berry;Johnny B. Goode
HIM;Join Me
Dolly Parton;Jolene
Roxette;Joyride
Lizzo;Juice
Van Halen;Jump
Pointer Sisters;Jump (for my love)
Rolling Stones;Jumpin´ Jack Flash
Vaya Con Dios;Just A Friend Of Mine
David Lee Roth;Just A Gigolo / Ain't Got Nobody
Louis Prima;Just A Gigolo / Ain't Got Nobody
No Doubt;Just A Girl
Liberty X;Just a Little
Operator Please;Just A Song About Ping Pong
IMAGINATION;Just An Illusion
Jon Secada;Just Another Day
Cock Robin;Just around the corner
Pearl Jam;Just Breathe
Depeche Mode;Just Can´t Get Enough
Lady GaGa ft. Colby O´Donis;Just Dance
One Night Only;Just For Tonight
Pink ft. Nate Ruess;Just Give Me A Reason (+ duet)
Pink;Just Like A Pill
Cure;Just Like Heaven
Billy Joel;Just the way you are
Bruno Mars;Just the Way You Are
Ofenbach;Katchi
Marillion;Kayleigh
Five;Keep On Moving
Bon Jovi;Keep the faith
MGMT;Kids
Robbie Williams & Kylie Minogue;Kids (Kylie / Robbie)
Kim Wilde;Kids In America
Adamski;Killer
Queen;Killer Queen
Rage Against The Machine;Killing In The Name
Fugees;Killing Me Softly
Roberta Flack;Killing me softly with his song
Years & Years;King
Ava Max;Kings & Queens
30 Seconds to mars;Kings and queens
UB40;Kingston Town
Prince;Kiss
Seal;Kiss From A Rose
Sixpence None The Richer;Kiss Me
One Direction;Kiss You
Muse;Knights of Cydonia
Amii Stewart;Knock On Wood
Bob Dylan;Knockin' On Heaven's Door
Guns N' Roses;Knocking On Heavens Door
ABBA;Knowing Me Knowing You
Beach Boys;Kokomo
Peter Koelewijn;Kom Van Dat Dak Af
Frank Boeijen;Kronenburg Park
3 Doors Down;Kryptonite
Carl Douglas;Kung Fu Fighting
Mr Mister;Kyrie
King África;La Bomba
Juanes;La camisa negra
Andrea Bocelli;La donna è mobile
ZZ Top;La grange
Madonna;La Isla Bonita
Belinda Carlisle;La Luna
Gigi D'Agostino;La Passion
Edith Piaf;La Vie En Rose
Modjo;Lady
Chris DeBurgh;Lady in red
Christina Aguilera, Lil' Kim, Mýa, P!nk;Lady Marmalade
Moulin Rouge;Lady Marmalade
Kaoma;Lambada
Gigi D'agostino;L'amour Toujours
Genesis;Land of Confusion
Cascada;Last Christmas
Wham;Last Christmas (+ duet)
Donna Summer;Last dance
Katy Perry;Last Friday Night
Strokes;Last nite
Papa Roach;Last Resort
Maywood;Late at Night
Scissor Sisters;Laura
Nek;Laura non c'è
Eric Clapton;Lay down Sally
Bon Jovi;Lay your hands on me
Eric Clapton;Layla (unplugged)
Lily Allen;LDN
Chic;Le Freak
Shangri Las;Leader Of The Pack
Major Lazer;Lean On
Foo Fighters;Learn to Fly
JoJo;Leave (Get Out)
Belinda Carlisle;Leave a light on
Tom Walker;Leave a Light On
Michael Jackson;Leave me alone
Randfichten;Lebt Denn Dr Alte Holzmichl Noch
Andre Hazes Jr.;Leef
Anastacia;Left Outside Alone
Ed Sheeran;Lego House
Fools Garden;Lemon Tree
Stromae ;L'enfer
Michel Sardou;Les lacs du Connemara
Level 42;Lessons in love
Passenger;Let her go
Beatles;Let It Be
Demi Lovato;Let It Go
Idina Menzel;Let it go
East17;Let It Rain
Kylie Minogue;Let It Snow!
Dean Martin;Let it snow! Let it snow! Let it snow!
Michael Bublé;Let It Snow, Let It Snow, Let It Snow
Lenny Kravitz;Let love rule
Robbie Williams;Let Me Entertain You
Ne-Yo;Let Me Love You
ACDC;Let There Be Rock
Bellamy Brothers;Let Your Love Flow
Joe Dassin;L'été Indien
Ella Fitzgerald & Louis Armstrong;Let's Call The Whole Thing Off (Ella / Louis)
David Bowie;Let's Dance
Jennifer Lopez;Let's get loud
Pink;Lets get this party started
Al Green;Let's Stay Together
Chubby Checker;Let's Twist Again
Avicii;Levels
Dua Lipa ft. DaBaby;Levitating
Bart Peeters;Liefde Is Alles
Des'ree;Life
Dido;Life For Rent
David Bowie;Life On Mars
Doors;Light my fire
Live;Lightning Crashes
Ellie Goulding;Lights
Madonna;Like A Prayer
Madonna;Like a Virgin
Cranberries;Linger
Roxette;Listen To Your Heart
Toto Cutugno;L'italiano
Nirvana;Lithium
George Baker;Little Green Bag
Milow;Little In The Middle
Fleetwood Mac;Little Lies
Mumford and Sons;Little Lion Man
Queens Of The Stone Age;Little Sister
Of Monsters and Men;Little Talks (+ duet)
Lily Allen;Littlest Things
Guns N' Roses;Live And Let Die
Oasis;Live forever
Opus;Live Is Life
Hermes House Band ft. DJ Ötzi;Live Is Life (Here We Go)
One Direction;Live While We're Young
Milk Inc.;Livin' a lie
Ricky Martin;Livin' La Vida Loca
Bon Jovi;Livin On A Prayer
Aerosmith;Livin' On The Edge
Smokie;Living next door to Alice
Bruno Mars;Locked Out Of Heaven
OMD;Locomotion
Kinks;Lola
Jovanotti;L'ombelico del mondo
Akon;Lonely
Foo Fighters;Long Road to Ruin
Green Day;Longview
Taylor Swift;Look What You Made Me Do
Dr. Alban;Look who´s talking
CCR;Lookin' Out My Back Door
Teddy Swims;Lose Control
Cartel;Lose It
Eminem;Lose yourself
Beck;Loser
R.E.M.;Losing My Religion
Powder Finger;Lost and Running
Beck;Lost Cause
Debbie Gibson;Lost in your eyes
Freya Ridings;Lost Without You
Clouseau;Louise
Take That;Love Ain't Here Anymore
Frank Sinatra;Love And Marriage
O.A.R;Love and Memories
Climie Fisher;Love Changes (Everything)
David Guetta;Love don't let me go
Bob Sinclar;Love Generation
Incubus;Love Hurts
Aerosmith;Love In An Elevator
Bananarama;Love In The First Degree
Pat Benatar;Love is a battlefield
Amy Winehouse;Love Is A Losing Game
Wet Wet Wet;Love Is All Around
David Guetta ft. Chris Willis;Love Is Gone
John Paul Young;Love Is In The Air
Roxy Music;Love Is The Drug
Killing Joke;Love Like Blood
Kanye West;Love Lockdown
Girls Aloud;love Machine
Boyzone;Love Me For A Reason
Ariana Grande & The Weeknd;Love Me Harder
Ellie Goulding;Love Me Like You Do
Elvis Presley;Love Me Tender
Sigue Sigue Sputnik;Love Missile F1-11
B-52's;Love Shack
Eminem ft. Rihanna;Love The Way You Lie
Rihanna ft. Eminem;Love The Way You Lie
Mika;Love Today
Joy Division;Love Will Tear Us Apart
Selena Gomez & The Scene;Love You Like A Love Song
Cardigans;Lovefool
Bill Withers;Lovely Day
Taylor Swift;Lover
Billy Ocean;Loverboy
Britney Spears;Lucky
Jason Mraz ft. Colbie Caillat;Lucky
Madonna;Lucky Star
Suzanne Vega;Luka
Cure;Lullaby
Presidents of the United States of America;Lump
Iggy Pop;Lust for Life (Live)
Boney M;Ma Baker
Stromae;Ma Meilleure Ennemie
Gerard Joling;Maak Me Gek
Los del Río;Macarena
Village People;Macho man
Hooverphonic;Mad About You
Tears for Fears ;Mad World
Lucilectric;Madchen
Meghan Trainor ;Made You Look
Alizée;Mademoiselle Juliette
Muse;Madness
OMD;Maid of Orleans
Hives;Main Offender
Peter Schilling;Major Tom
Queens Of The Stone Age;Make It Wit Chu
Adele;Make You Feel My Love
Maroon 5;Makes Me Wonder
Air Supply;Making love out of nothing at all
Bucks Fizz;Making Your Mind Up
Jonas Blue ft. William Singe;Mama
Spice Girls;Mama
Pixie Lott;Mama do (Uh oh, uh oh)
Almklausi & Specktakel;Mama Laudaaa
Bino;Mama Leone
Lou Bega;Mambo No. 5
ABBA;Mamma Mia
Rihanna;Man Down
Michael Jackson;Man in the Mirror
R.E.M.;Man on the Moon
Shania Twain;Man! I Feel Like a Woman!
Barry Manilow;Mandy
Daryl Hall & John Oates;Maneater
Hall & Oates;Maneater
Nelly Furtado;Maneater
Michael Sembello;Maniac
Bangles;Manic Monday
Julio Iglesias;Manuela
Muse;Map of The Problematique
Blondie;Maria
Ricky Martin;Maria (Un, Dos, Tres)
Sandra;Maria Magdalena (duet)
Santana;María María
Pharrell Williams;Marilyn Monroe
Charlie Puth & Meghan Trainor;Marvin Gaye (+ duet)
Ghost;Mary on a Cross
Bee Gees;Massachusetts
Depeche Mode;Master and servant
Tenacious D;Master Exploder
Metallica;Master Of Puppets
Madonna;Material Girl
Enya;May It Be
Ava Max ;Maybe you're the problem
Manu Chao;Me gustas tú
Black Eyed Peas;Meet Me Halfway (duet)
Lost Frequencies;Melody
David Guetta ft. Kid Cudi;Memories
Maroon 5;Memories
Barbara Streisand;Memory
Elaine Paige;Memory
Meneer Kaktus;Meneer Kaktus Lied
Duffy;Mercy 
José Feliciano ;Merry Christmas
Slade;Merry Christmas everybody
Bobby Helms ;Merry Christmas Everyone
Shakin’ Stevens ;Merry Christmas Everyone
Police;Message in a bottle
Faith No More;Midlife Crisis
Ava Max ;Million Dollar Baby
Calvin Harris ft Ellie Goulding ;Miracle
Cascada;Miracle
Brittnee Belt & Cash Callaway;Miraculous!
Laura Marano;Miraculous!
Brittnee Belt & Cash Callaway;Miraculous! (+ duet)
Dante Thomas ft. Pras;Miss California
Everything but the Girl;Missing
Cliff Richard;Mistletoe and Wine
Crash Test Dummies;MMM MMM MMM MMM MMM
Hanson;MMMBop
David Bowie;Modern Love
Alizée;Moi... Lolita
Mamas & the Papas;Monday, Monday
Dire Straits;Money for Nothing
ABBA;Money Money Money
Simply Red;Money's too tight to mention
Pixies;Monkey gone to heaven
Lady Gaga;Monster
Lil Nas X ;MONTERO (Call Me By Your Name)
Johan Verminnen;Mooie Dagen
Audrey Hepburn;Moon River
Mike Oldfield & Maggie Reilly;Moonlight shadow
Carmel;More More More
Boston;More Than A Feeling
Leo Sayer;More than I can say
Roxy Music;More than this
Extreme;More Than Words
Timbaland ft. Nelly Furtado;Morning After Dark
Cat Stevens;Morning has broken
Sheena Easton;Morning Train
Manic Street Preachers;Motorcycle Emptiness
Culture Club;Move away
Maroon 5;Moves Like Jagger (+ duet)
Harpo;Moviestar
M People;Moving On Up
Amy Macdonald;Mr Rock And Roll
Electric Light Orchestra;Mr. Blue Sky
Robbie Williams;Mr. Bojangles
Counting Crows;Mr. Jones
Alexandra Stan;Mr. Saxobeat
OutKast;Ms. Jackson
Editors;Munich
Sophie Ellis Bextor;Murder on the Dancefloor
Muse;Muscle Museum
John Miles;Music
Madonna;Music
Rammstein;Mutter
Ellie Goulding;My Blood
Lionel Richie;My Destiny
Cardigans;My Favourite Game
Who;My Generation (Live at Leeds)
Temptations;My Girl
Avril Lavigne;My Happy Ending
Ava Max;My Head & My Heart
Céline Dion;My Heart Will Go On
Foo Fighters;My hero
Black Eyed Peas;My humps
Evanescence;My Immortal
Westlife;My love
Whitney Houston;My Love Is Your Love
En Vogue;My Lovin' (Never Gonna Get It)
Helena Paparizou;My Number One
Ed Sheeran and Elton John ;My Only Wish (This Year)
Britney Spears;My Only Wish (This Year)
Knack;My Sharona
Frank Sinatra;My Way
Limp Bizkit;My way
Peter Andre;Mysterious Girl
U2;Mysterious Ways
INXS ;Mystify
Kaiser Chiefs;Na Na Na Na Naa
Vaya Con Dios;Nah Neh Nah
Imagine Dragons;Natural
Carole King;Natural Woman
Jacques Brel;Ne me quitte pas
Lady Antebellum;Need You Now
INXS;Need You Tonight
Laserkraft 3D;Nein Mann
Luciano Pavarotti;Nessun Dorma
Pointer Sisters;Neutron Dance
Muse;Neutron Star Collision (Love is Forever)
All Saints;Never Ever
Rick Astley;Never gonna give you up
P!nk ;Never Gonna Not Dance Again
INXS;Never Tear Us Apart
Kim Wilde;Never Trust a Stranger
Muse;New Born
Dua Lipa;New Rules
INXS;New Sensation
Yael Naim;New soul
2 fabiola ft. Medusa;New Year's Day
Frank Sinatra;New York, New York
Emeli Sandé;Next To Me
De Aristokatten;Niemand Swingt Zoals Een Echte Kat
Bee Gees;Night Fever
Commodores;Nightshift
R.E.M.;Nightswimming
Elton John;Nikita
Panic! at the Disco;Nine in the Afternoon
Katie Melua;Nine Million Bicycles
Jordin Sparks ft. Chris Brown;No Air
Prodigy;No Good (Start the Dance)
Girls Aloud;No Good Advice
2 unlimited;No limit
Annie Lennox;No more I love you's
Alice Cooper;No More Mr. Nice Guy
Little Mix ft. Machine Gun Kelly;No More Sad Songs
Alicia Keys;No one
Queens Of The Stone Age;No One Knows
Robbie Williams;No Regrets
TLC;No Scrubs
Radiohead;No Surprises
Ariana Grande;No tears left to cry
Billie Eilish;No Time To Die
Orson;No Tomorrow
Bob Marley;No Woman No Cry
Clouseau;Nobelprijs
Ricky Martin & Christina Aguilera;Nobody Wants to Be Lonely (+ duet)
Anouk;Nobody's Wife
Edith Piaf;Non je ne regrette rien
Christina Aguilera;Not Myself Tonight
Dixie Chicks;Not Ready To Make Nice
Mark Ronson ft.  Miley Cyrus;Nothing Breaks Like a Heart
Sinead O'Connor;Nothing Compares 2 U
Metallica;Nothing Else Matters
Metallica & Symphony;Nothing Else Matters
Glenn Medeiros;Nothing's gonna change my love for you
Samantha Fox;Nothing's gonna stop me now
Starship;Nothing's Gonna Stop Us Now
Duran Duran;Notorious
Guns N' Roses;November rain
Linkin Park;Numb
Shakira;Objection (Tango)
McFly;Obviously
Pearl Jam;Oceans
Cranberries;Ode To My Family
Bastille;Of The Night
Twisted Sister;Oh Come All Ye Faithful
Yello;Oh Yeah
Rammstein;Ohne Dich
Lil Nas X;Old Town Road
Kylie Minogue;On A Night Like This
Kings Of Leon;On Call
XX;On hold
XX;On hold (+ duet)
Ellie Goulding;On My Mind
Chris Rea;On The Beach
Jennifer Lopez & Pitbull;On The Floor
Pearl Jam;Once
Talking Heads;Once in a Lifetime
Abel;Onderweg
Metallica;One
U2;One
Scooter;One (Always Hardcore)
Swedish House Mafia;One (Your Name)
Anastacia;One Day In Your Life
Calvin Harris & Dua Lipa;One Kiss
Ariana Grande;One Last Time
Blue;One Love
Whitney Houston;One Moment In Time
Daft Punk;One More Time
George Michael;One more try
Murray Head;One Night in Bangkok
ABBA;One Of Us
Joan Osborne;One Of Us
Linkin Park;One step closer
Amerie;One Thing
One Direction;One Thing
Queen;One Vision
Blondie;One way or another
One Direction;One Way Or Another
Barenaked Ladies;One Week
Garbage;Only Happy When It Rains
Roy Orbison;Only the Lonely (Know the Way I Feel)
Roachford;Only To Be With You
Spandau Ballet;Only when you leave
Platters;Only You
Yazoo;Only you
Goldfrapp;Ooh La La
Britney Spears;Oops... I Did It Again
Crush 40;Open Your Heart
Madonna;Open Your Heart
Paula Abdul & The Wild Pair;Opposites Attract
Duran Duran;Ordinary World
Offspring;Original Prankster
INXS;Original Sin
Red Hot Chili Peppers;Otherside
Madness;Our House
Milow & Marit Larsen;Out Of My Hands
Weeknd;Out of Time
Fray;Over My Head (Cable Car)
Judy Garland;Over the Rainbow
Yes;Owner Of A Lonely Heart
Gloria Estefan;Oye mi canto
Michael Jackson;P.Y.T. (Pretty Young Thing)
Eric B And Rakim;Paid In Full
Rolling Stones;Paint It, Black
Muse;Panic Station
Lil Nas X;Panini
Madonna;Papa Don't Preach
Temptations;Papa Was A Rollin' Stone
Stromae;Papaoutai
Lady GaGa;Paparazzi
Linkin Park;Papercut
Linkin Park;Papercut (+ duet)
Tool;Parabola
Coldplay;Paradise
Meatloaf;Paradise by the Dashboard Light
Guns N' Roses;Paradise City
Finger Eleven;Paralyzer
Black Sabbath;Paranoid
Radiohead;Paranoid Android
Axelle Red;Parce que c'est toi
Chainsmokers;Paris (duet)
Blur;Parklife
Stevie Wonder;Part-Time Lover
Miley Cyrus;Party In The U.S.A
LMFAO;Party Rock Anthem
Guns N' Roses;Patience
Bowser & Peaches ;Peaches
Jack Black ;Peaches
Buddy Holly;Peggy Sue
Beatles;Penny Lane
Depeche Mode;People are people
Birdy;People Help The People
Ed Sheeran;Perfect
Fairground Attraction;Perfect
Vanessa Amorosi;Perfect
Depeche Mode;Personal Jesus
Marilyn Manson;Personal Jesus
Ramones;Pet Sematary
Def Leppard ;Photograph
Ed Sheeran;Photograph
Nickelback;Photograph
Dua Lipa;Physical
Olivia Newton-John;Physical
Billy Joel;Piano Man
Sneaky Sound System;Pictures
Janis Joplin;Piece of my heart
Sum 41;Pieces
Ashlee Simpson;Pieces Of Me
Who;Pinball Wizerd
Aerosmith;Pink
Melanie Martinez;Pity Party
Queen;Play The Game (Freddie / backing)
Double You;Please don't go
Cardi B & Bruno Mars;Please me (duet)
Beatles;Please Please Me
Sabrina Carpenter;Please, Please, Please
Stone Temple Pilots;Plush
Alice Cooper;Poison
ABC;Poison Arrow
Lady GaGa;Poker Face
Jonas Blue & Liam Payne;Polaroid
Depeche Mode;Policy of Truth
Nirvana;Polly
Bastille;Pompeii (+ duet)
Rihanna;Pon De Replay
Moby;Porcelain
Ariana Grande;Positions
France Gall;Poupée de cire, poupée de son
Céline Dion;Pour Que Tu M'Aimes Encore
Def Leppard ;Pour Some Sugar On Me
Dermot Kennedy ;Power Over Me
Take That;Pray
Lilly Wood & Robin Schulz;Prayer in C
L7;Pretend we're dead
Offspring;Pretty Fly
Roy Orbison;Pretty Woman
Jessie J ft. BOB;Price Tag
U2;Pride (In the name of love)
Miley Cyrus and Dua Lipa;Prisoner (+ duet)
Tina Turner;Private dancer
Ricky Martin ft. Meja;Private Emotion (+ duet)
Nelly Furtado;Promiscuous
Beverley Craven;Promise Me
Simple Minds;Promised you a miracle
Calvin Harris & Sam Smith;Promises
Massive Attack;Protection
CCR;Proud Mary
Taylor Dayne;Prove your love
Talking Heads;Psycho Killer
Vaya Con Dios;Puerto Rico
Black Eyed Peas;Pump It
Technotronic;Pump Up The Jam
Foster The People;Pumped Up Kicks
Sandie Shaw;Puppet on a string
Placebo;Pure Morning
All Saints;Pure Shores
Jimi Hendrix Experience;Purple Haze
Prince;Purple Rain
Salt N' Pepa;Push It
Sugababes;Push The Button
Rammstein;Pussy
Ariana Grande;Put Your Hearts Up
Corinne Bailey Rae;Put Your Records On
Doris Day;Que sera, sera
Backstreet Boys;Quit playing games with my heart
Florence + the Machine;Rabbit Heart (Raise It Up)
Golden Earring;Radar Love
Dolly Dots;Radio
Lana Del Rey;Radio
Queen;Radio Ga Ga
Imagine Dragons;Radioactive
Aerosmith;Rag Doll
Madonna;Rain
Mika;Rain
Max Werner;Rain in May
Lady Gaga & Ariana Grande;Rain On Me (+ duet)
Nirvana;Rape Me
Boney M;Rasputin
Majestic x Boney M.;Rasputin
UB40;Rat in mi kitchen
Clean Bandit ft. Jess Glynne;Rather Be
Four Tops;Reach Out I'll Be There
Killers;Read my mind
Fugees;Ready or Not
Republica;Ready To Go
Arcade Fire;Ready To Start
Javine;Real Things
Iggy Pop;Real Wild One
Lost Frequencies;Reality
Limp Bizkit;Rearranged
David Bowie;Rebel Rebel
Billy Idol;Rebel Yell
Arcade Fire;Rebellion (Lies)
Sugababes;Red Dress
UB40;Red Red Wine
Bob Marley;Redemption Song
Jackie Wilson;Reet Petite
Diana Ross & The Supremes;Reflections
Jimmy Cliff;Reggae Night
New Order;Regret
Amy Winehouse;Rehab
Frankie Goes to Hollywood;Relax
Mika;Relax, Take It Easy
Agnes;Release me
Dan Hartman;Relight my fire
Take That;Relight My Fire
Black Crowes;Remedy
Michael Jackson;Remember the time
Fontella Bass;Rescue Me
Muse;Resistance
Aretha Franklin;Respect
Mel & Kim;Respectable
Axelle Red;Rester Femme
Enigma;Return to innocence
Elvis Presley;Return to sender
Enrique Iglesias;Rhythm Divine
SNAP!;Rhythm is a dancer
Gloria Estefan;Rhythm is gonna get you
Christopher Cross;Ride like the wind
Black Box;Ride on time
Doors;Riders on the storm
Wax;Right between the eyes
Jesus Jones;Right Here Right Now
Richard Marx;Right here waiting
Atomic Kitten;Right Now
Nick Jonas & Robin Schulz;Right Now
Akon;Right now (Na na na)
Flo Rida;Right round
Anita Ward;Ring my bell
Johnny Cash;Ring Of Fire
ABBA;Ring Ring
Duran Duran;Rio
Craig David ft. Sting;Rise And Fall (duet)
Yves Larock;Rise Up
Boney M;Rivers of Babylon
Agnes Obel;Riverside
Tenacious D;Rize of the Fenix
B-52's;Roam
Katy Perry;Roar
KISS;Rock and Roll All Nite
Robbie Williams;Rock DJ
Falco;Rock Me Amadeus
ACDC;Rock n roll train
Europe;Rock the night
Stray Cats;Rock this town
Scorpions;Rock You Like a Hurricane
George McCrae;Rock Your Baby
Elton John;Rocket Man
Status Quo;Rockin All Over The World
Brenda Lee;Rockin' Around The Christmas Tree
Neil Young;Rockin' in the free world
Electric Light Orchestra;Rock'n'Roll Is King
Nickelback;Rockstar
Electric Light Orchestra;Roll Over Beethoven
Adele;Rolling in the Deep
Marco Borsato;Rood
Alice in Chains;Rooster
Toto;Rosanna
Rammstein;Rosenrot
OutKast;Roses
ZZ Top;Rough Boy
Sugababes;Round Round
Police;Roxanne
Lorde;Royals
Kaiser Chiefs;Ruby
Rihanna;Rude Boy
Dean Martin;Rudolph the red nosed reindeer
Snow Patrol;Run
Kat Deluna ft. Busta Rhymes;Run The Show
Iron Maiden;Run to the Hills
Bryan Adams;Run to you
Dion;Runaround Sue
Bon Jovi;Runaway
Soul Asylum;Runaway Train
Van Halen;Runnin' with the Devil
Kate Bush;Running Up That Hill
Paula Abdul;Rush rush
Sting;Russians
Beastie Boys;Sabotage
Bebe Rexha;Sacrifice
Elton John;Sacrifice
Metallica;Sad But True
Elton John;Sad songs (say so much)
Stash;Sadness
Christopher Cross;Sailing
Christine and The Queens;Saint Claude
Ava Max;Salt
Scott McKenzie;San Francisco
Dido;Sand in my shoes
Frank Sinatra;Santa Claus Is Coming To Town
Sublime;Santeria
Lena Meyer-Landrut;Satellite
Rolling Stones;Satisfaction (I Can't Get No)
Whigfield;Saturday Night
Jawsh 685 & Jason Derulo;Savage Love (Laxed Siren Beat)
Duran Duran;Save a Prayer
Vanessa Williams;Save the best for last
Swedish House Mafia;Save The World (Tonight)
Eagle-Eye Cherry;Save Tonight
Weeknd;Save your tears
Weeknd ft. Ariana Grande ;Save Your Tears (+ duet)
Nickelback;Savin' Me
Whitney Houston;Saving All My Love For You
Princess;Say I'm your number one
Nelly Furtado;Say It Right
Destiny's Child;Say My Name
Paul McCartney & Michael Jackson;Say Say Say (+ duet)
A Great Big World;Say Something
Lionel Richie;Say You Say Me
Foreigner;Say you will
Spice Girls;Say You'll Be There
Mis-Teeq;Scandalous
Red Hot Chili Peppers;Scar Tissue
Tool;Schism
Roy Black & Anita;Schön ist es auf der Welt zu sein (duet)
Tony Marshall;Schöne Maid
Alice Cooper;School's Out (Live)
Tokio Hotel;Schrei
Michael Jackson & Janet Jackson;Scream
Usher;Scream
Will.I.Am & Britney Spears;Scream and Shout
Lionel Richie;Se La
Bobby Vinton;Sealed With A Kiss
Bill Haley & The Comets;See You Later Alligator
Laura Branigan;Self Control
Offspring;Self Esteem
I Blame Coco;Self Machine
Live;Selling The Drama
Scorpions;Send Me an Angel
Adele;Send My Love (To Your New Lover)
Shawn Mendes & Camila Cabello;Señorita (+ duet)
XTC;Senses working overtime
Axelle Red;Sensualité
Earth, Wind & Fire;September
Earth Wind & Fire;September '99
Adele;Set Fire To The Rain
White Stripes;Seven Nation Army
Youssou N'Dour & Neneh Cherry;Seven Seconds
Tom Jones;Sex Bomb
Kings Of Leon;Sex On Fire
Nielson;Sexy als ik dans
LMFAO;Sexy and I Know It
David Guetta ft. Akon;Sexy Bitch
Justin Timberlake;SexyBack
Mike Oldfield & Roger Chapman;Shadow on the wall
Taylor Swift;Shake It Off
Jacksons;Shake your body
Vengaboys;Shalalalala
Lady Gaga & Bradley Cooper;Shallow
Monrose;Shame
Backstreet Boys;Shape Of My Heart
Sting;Shape of My Heart
Ed Sheeran;Shape of you
ZZ Top;Sharp Dressed Man
Johnny Hates Jazz;Shattered dreams
Elvis Costello;She
Ricky Martin;She bangs
Fine Young Cannibals;She drives me crazy
Beatles;She Loves You
Cult;She sells sanctuary
Maroon 5;She Will Be Loved
Shakira;She wolf
David Guetta & Sia;She Wolf (Falling To Pieces)
Donna Summer;She Works Hard For The Money
Patrick Swayze;She´s Like The Wind
Tate McRae;She's All I Wanna Be
Billy Joel;She's always a woman
Orange Blue;She's Got That Light
Bauhaus;She's in parties
Santana;She's not there
Robbie Williams;She's The One
Earth, Wind & Fire;Shining Star
R.E.M.;Shiny Happy People
Florence + the Machine;Ship To Wreck
Ed Sheeran;Shivers
George Ezra;Shotgun
Clash;Should I Stay Or Should I Go
Tears For Fears;Shout
Robin S.;Show me love
Robyn;Show Me Love
Backstreet Boys;Show Me The Meaning Of Being Lonely
Mel & Kim;Showing Out
Black Eyed Peas;Shut Up
WALK THE MOON;Shut Up And Dance
Rihanna;Shut Up And Drive
KAROL G;Si antes te hubiera conocido
Terence Trent D'Arby;Sign Your Name
Kelly Clarkson;Since U Been Gone
Ed Sheeran;Sing
Travis;Sing
Dr. Alban;Sing Hallelujah
UB40;Sing our own song
Natasha Bedingfield;Single
Beyoncé;Single ladies (Put a ring on it)
Melanie Martinez;Sippy Cup
Sydney Youngblood;Sit and wait
Otis Redding;Sittin on the dock of the bay
Lene Marlin;Sitting Down Here
Avril Lavigne;Sk8er Boi
Spider Murphy Gang;Skandal Im Sperrbezirk
Rag'n'Bone Man;Skin
Birdy;Skinny Love
Adele;Skyfall
Peter Gabriel;Sledgehammer
Tasmin Archer;Sleeping Satellite
Kylie Minogue;Slow
Bronski Beat;Smalltown boy
Nirvana;Smells Like Teen Spirit
Platters;Smoke gets into your eyes
Deep Purple;Smoke On The Water
Editors;Smokers Outside The Hospital Doors
Santana;Smooth
Alien Ant Farm;Smooth Criminal
Michael Jackson;Smooth Criminal
Sade;Smooth Operator
Red Hot Chili Peppers;Snow ((Hey Oh))
Ava Max;So Am I
Tim Toupet;So ein schöner Tag (Fliegerlied)
Bloc Party;So Here We Are
Police;So Lonely
P!nk ;So what
Melanie Martinez;Soap
Tool;Sober
Eddie Vedder;Society
Ashford & Simpson;Solid
Peter Gabriel;Solsbury Hill
Nea;Some Say
Gotye & Kimbra;Somebody That I Used To Know
Jefferson Airplane;Somebody to love
Queen;Somebody To Love
Killers;Somebody Told Me
Rockwell;Somebody's watching me
Bon Jovi;Someday I'll Be Saturday Night
Adele;Someone Like You
Lewis Capaldi;Someone You Loved
Foo Fighters;Something from nothing
Nirvana;Something in the way
Ellie Goulding;Something In The Way You Move
Chainsmokers & Coldplay;Something Just Like This
Robbie Williams & Nicole Kidman;Something Stupid
Marc Almond ft. Gene Pitney;Something's Gotten Hold Of My Heart (G / M)
Britney Spears;Sometimes
Lily Allen;Somewhere Only We Know
Keane;Somwhere Only We Know
Dusty Springfield;Son of a Preacher Man
Blur;Song 2
Placebo;Song To Say Goodbye
Rammstein;Sonne
Justin Bieber;Sorry
Baccara;Sorry I'm a lady
Demi Lovato;Sorry Not Sorry
Elton John;Sorry Seems to be the Hardest Word
ABBA;SOS
Rihanna;SOS
Confetti's;Sound Of C
Alphaville;Sounds Like A Melody
Tears For Fears;Sowing The Seeds Of Love
David Bowie;Space Oddity
Hilary Duff;Sparks
Placebo;Special K
Florence + the Machine;Spectrum
Florence + the Machine;Spectrum (Calvin Harris Remix)
Coldplay;Speed Of Sound
Spice Girls;Spice Up Your Life
No Doubt;Spiderwebs
Kylie Minogue;Spinning Around
Soundgarden;Spoonman
Fountains Of Wayne;Stacy's Mom
Led Zeppelin;Stairway to Heaven
Eminem;Stan
Within Temptation;Stand my ground
Weeknd ft. Daft Punk;Starboy
Muse;Starlight
David Bowie;Starman
Ellie Goulding;Starry Eyed
Simply Red;Stars
Paris Hilton;Stars are Blind
Nicki Minaj;Starships
3OH!3 ft. Katy Perry;Starstrukk (+ duet)
Lisa Loeb;Stay
Shakespears Sister;Stay (+ duet)
East17;Stay Another Day
Blink 182;Stay Together For The Kids
Sam Smith;Stay With Me
Raconteurs;Steady As She Goes
Tina Turner;Steamy windows
New Kids On The Block;Step By Step
Noah Kahan;Stick Season
Pussycat Dolls;Stickwitu
U2;Still Haven't Found What I'm Looking For
Scorpions;Still loving you
Bob Marley;Stir It Up
Jamelia;Stop
Sam Brown;Stop
Spice Girls;Stop
One Republic;Stop And Stare
Oasis;Stop Crying Your Heart Out
Supremes;Stop In The Name Of Love
Toto;Stop loving you
Jona Lewie;Stop The Cavalry
Paula Abdul;Straight up
Depeche Mode;Strangelove
Radiohead;Street spirit (fade out)
Bruce Springsteen;Streets Of Philadelphia
London Grammar;Strong
Robbie Williams;Strong
Cher;Strong Enough
Britney Spears;Stronger
Kelly Clarkson;Stronger (What Doesn't Kill You)
Stealers Wheel;Stuck in the middle with you
CYRIL;Stumblin’ In
Garbage;Stupid Girl
Lady Gaga;Stupid Love
Purple Disco Machine ft Kungs;Substitution
Pet Shop Boys;Suburbia
Elvis Presley;Such a night
Talk Talk;Such A Shame
Jonas Brothers;Sucker
Rubettes;Sugar Baby Love
Archies;Sugar Sugar
INXS;Suicide Blonde
Dire Straits;Sultans of Swing
Calvin Harris;Summer
Joe Cocker;Summer In The City
ABBA;Summer Night City
John Travolta & Olivia Newton-John);Summer Nights
Bryan Adams;Summer of 69
Texas;Summer Son
DJ Jazzy Jeff &amp;Summertime
Lana Del Rey;Summertime
Lana Del Rey;Summertime Sadness
Goombay Dance Band;Sun of Jamaica
U2;Sunday Bloody Sunday
Maroon 5;Sunday Morning
Boney M;Sunny
Norah Jones;Sunrise
Laid Back;Sunshine Reggae
Joss Stone;Super Duper Love
Rick James;Super Freak
ABBA;Super Trouper (lead / back)
Muse;Supermassive Black Hole
Måneskin;Supermodel
Jamelia;Superstar
Stevie Wonder;Superstition
Robbie Williams;Supreme
Beach Boys;Surfin' USA
Swing Out Sister;Surrender
Destiny's Child;Survivor
CCR;Susie Q
Elvis Presley;Suspicious minds
Phil Collins;Sussudio
Westlife;Swear It Again
Inner Circle;Sweat (alalalalalong)
C&C Music Factory;Sweat (Everybody dance now)
Gabriella Cilmi;Sweet About Me
Ava Max;Sweet But Psycho
Neil Diamond;Sweet Caroline
Guns N' Roses;Sweet Child O´Mine
Eurythmics;Sweet Dreams
Marilyn Manson;Sweet Dreams
Lynyrd Skynyrd;Sweet Home Alabama
Calvin Harris ft. Florence Welch;Sweet Nothing
Katy Perry ft. Nicki Minaj;Swish Swish
Will Young;Switch It On
Rolling Stones;Sympathy For The Devil
Clean Bandit ft. Zara Larsson;Symphony
Laïs;'t Smidje
ACDC;T.N.T. (Live)
Melanie Martinez;Tag, You're It
Soft Cell;Tainted Love
Muse;Take A Bow
Rihanna;Take A Bow
ABBA;Take A Chance On Me (lead / back)
Bobby Vinton;Take A Good Care Of My Baby
Limp Bizkit;Take a look around
Franz Ferdinand;Take Me Out
Charlotte Nilsson;Take me to your heaven
Berlin;Take my breath away
A-Ha;Take on me
Scissor Sisters;Take your mama
Coldplay;Talk
Bruno Mars;Talking To The Moon
Vanessa Paradis;Tandem
Baltimora;Tarzan Boy
Sabrina Carpenter;Taste
Loreen ;Tattoo (En vivo)
Womack And Womack;Teardrops
N'Sync;Tearin' Up My Heart
Amy Winehouse;Tears Dry On Their Own
Eric Clapton;Tears in Heaven
Wheatus;Teenage Dirtbag
Katy Perry;Teenage Dream
My Chemical Romance;Teenagers
Lady GaGa ft. Beyoncé;Telephone (+ duet)
Billy Joel;Tell her about it
Taylor Dayne;Tell it to my heart
Selena Gomez & The Scene;Tell Me Somthing I Don't Know
Beyoncé;Texas Hold ’Em
Queen;Thank God It’s Christmas
Alanis Morissette;Thank U
Ariana Grande;Thank U, Next
Dido;Thank You
Jamelia;Thank You
Bon Jovi;Thank you for loving me
ABBA;Thank You For The Music
Gracie Abrams;That’s So True
Janet Jackson;That’s The Way Love Goes
Buddy Holly;That'll Be The Day
Ting Tings;That's Not My Name
Dionne & Friends;That's What Friends Are For
Red Hot Chili Peppers;The adventures of Rain Dance Maggie
Bloodhound Gang;The Bad Touch
Bloodhound Gang;The Ballad of Chasey Lain
Tina Turner;The Best
Placebo;The Bitter End
Damien Rice ;The Blower's Daughter
Alesha Dixon;The boy does nothing
Thin Lizzy;The Boys Are Back In Town
Don Henley;The Boys of Summer
Fleetwood Mac;The Chain
Doors;The Doors Break On Through
Marilyn Manson;The Dope Show
Verve;The Drugs Don't Work
Lady GaGa;The Edge Of Glory
Wham;The Edge of Heaven
B-52's;The Flintstones
Santana ft. Michelle Branch;The game of love
Michael Jackson & Paul McCartney;The girl is mine (+ duet)
Boys Like Girls;The Great Escape
Platters;The great pretender
Sia;The Greatest
White Stripes;The Hardest Button to Button
Coldplay;The Hardest Part
Selena Gomez;The Heart Wants What It Wants
Glenn Frey;The heat is on
Steve Miller Band;The Joker
Offspring;The Kids aren't alright
Atomic Kitten;The Last Goodbye
Bruno Mars;The Lazy Song
A-Ha;The Living Daylights
Mike + The Mechanics ;The living years
Kylie Minogue;The Loco-Motion
Supertramp;The Logical Song
Maneskin ;The Loneliest
Billy Joel;The Longest Time
Roxette;The Look
ABC;The look of love
Queens Of The Stone Age;The Lost Art Of Keeping A Secret
Cure;The Lovecats
Nirvana;The Man Who Sold The World
Jimmy Eat World;The Middle
Eminem & Rihanna;The Monster
ABBA;The Name Of The Game (lead / back)
Limahl;The NeverEnding Story
ABC;The Night You Murdered Love
Avicii;The nights
Iron Maiden;The Number of the Beast
Chesney Hawkes;The One And Only
R.E.M.;The One I Love
Yazz;The Only Way Is Up
Iggy Pop;The Passenger
Celine Dion;The Power of Love
Frankie Goes To Hollywood;The Power Of Love
Huey Lewis & The News;The power of love
Jennifer Rush;The power of love
Bloc Party;The Prayer
Foo Fighters;The Pretender
Cock Robin;The Promise You Made (+ duet)
Blue Oyster Cult;The Reaper (Don't Fear)
Hoobastank;The Reason
Passion Pit;The Reeling
Duran Duran;The Reflex
Corona;The rhythm of the night
Hermes House Band;The rhythm of the night
Gigi D'Agostino;The Riddle
Nik Kershaw;The Riddle
Bruce Springsteen;The River
Chris Rea;The Road to Hell
Blink 182;The Rock Show
Bette Midler;The Rose
Coldplay;The Scientist
Cher;The Shoop Shoop Song (It's in his kiss)
Queen;The Show Must Go On
R.E.M.;The Sidewinder Sleeps Tonite
Ace Of Base;The Sing
Disturbed;The Sound Of Silence
Simon & Garfunkel;The Sound of Silence
A-Ha;The Sun Always Shines on TV
Gwen Stefani ft. Akon;The Sweet Escape
Fall Out Boy;The Take Over, the Breaks Over
Atomic Kitten;The Tide Is High
Blondie;The Tide Is High
Black Eyed Peas;The Time
Bill Medley & Jennifer Warnes;The Time Of My Life (+ duet)
U2;The Unforgettable Fire
Metallica;The Unforgiven
Metallica;The Unforgiven II
Metallica;The Unforgiven III
Christina Aguilera;The Voice Within
Pink Floyd;The Wall
Culture Club;The War Song
Timbaland ft. Keri Hilson;The way I are
Soulsister;The way to your heart
UB40;The way you do the things you do
Michael Jackson;The Way You Make Me Feel
Waterboys;The Whole of the Moon
Duran Duran;The Wild Boys
ABBA;The Winner Takes It All
Garbage;The world is not enough
Alice In Chains;Them Bones
Smiths;There is a light that never goes out
Eurythmics;There Must Be An Angel
Faith Hill;There you'll be
Queen;These Are The Days Of Our Lives
Nancy Sinatra;These Boot Are Made For Walking
Natasha Bedingfield;These Words
Michael Jackson;They don't care about us
Aretha Franklin;Think
Ice MC ;Think About The Way
Celine Dion;Think twice
Ed Sheeran;Thinking out loud
Fall Out Boy;This Ain't A Scene
Smiths;This Charming Man
N'Sync;This I promise you
Katy Perry;This Is How We Do
Keane;This Is The Last Time
Amy Macdonald;This is the Life
Alcazar;This Is The World We Live In
Calvin Harris ft. Rihanna;This Is What You Came For
Maroon 5;This Love
Ellie Goulding;This Love (Will Be Your Downfall)
Isley Brothers;This Old Heart Of Mine
David Guetta ft. Zara Larsson;This One's For You
Fall Out Boy;Thnks Fr Th Mmrs
Hermes House Band;Those Were The Days
Bob Marley;Three Little Birds
Macklemore & Ryan Lewis;Thrift Shop
Michael Jackson;Thriller
Spandau Ballet;Through The Barricades
Imagine Dragons;Thunder
ACDC;Thunderstruck
Hives;Tick Tick Boom
Queen;Tie Your Mother Down
Ke$ha;Tik Tok
Pitbull ft. Ke$ha;Timber
Cyndi Lauper;Time After Time
Muse;Time Is Running Out
Blind Guardian;Time What Is Time
Foo Fighters;Times Like These
David Guetta & Sia;Titanium
Mr Big;To Be With You
Mike Oldfield & Maggie Reilly;To France
Savage Garden;To the Moon and Back
Janet Jackson;Together again
Rick Astley;Together Forever
Enrique Iglesias ft. Ludacris;Tonight (I'm Lovin' You)
Genesis;Tonight, tonight, tonight
Smashing Pumpkins;Tonight,Tonight
Sugababes;Too Lost In You
Queen;Too Much Love Will Kill You
Kajagoogoo;Too Shy
Natalie Imbruglia;Torn
Bonnie Tyler;Total Eclipse of the Heart
Samantha Fox;Touch Me (I Want Your Body)
Stromae;Tous Les Mêmes
Britney Spears;Toxic
Martika;Toy Soldiers
Bee Gees;Tragedy
CCR;Travelin' Band
Valeria Rossi;Tre parole
Tenacious D;Tribute
Coldplay;Trouble
Shampoo;Trouble
Spandau Ballet;True (+ duet)
Madonna;True Blue
Cyndi Lauper;True Colors
New Order;True Faith
Savage Garden;Truly Madly Deeply
P!nk ;Trustfall
Aaliyah;Try again
Chumbawamba;Tubthumping
Chris Brown ft. Rihanna;Turn Up The Music (Remix) (+ duet)
Little Richard;Tutti Frutti
Golden Earring;Twilight Zone
Phil Collins;Two Hearts
Meatloaf;Two Out Of Three Ain't Bad
Spin Doctors;Two Princes
Frankie Goes to Hollywood;Two Tribes
Tina Turner;Typical Male
MC Hammer;U Can't Touch This
Usher;U Remind Me
Sugababes;Ugly
Bloodhound Gang;Uhn tiss uhn tiss uhn tiss
Baseballs;Umbrella
Rihanna;Umbrella
EMF;Unbelievable
Joe Cocker;Unchain my heart
Righteous Brothers;Unchained Melody
Katy Perry;Unconditionally
Dieter Thomas Kuhn;Und es war Sommer
Peter Maffay;Und Es War Sommer
Queen;Under Pressure (Freddie / David)
Red Hot Chili Peppers;Under The Bridge
Ellie Goulding;Under The Sheets
Alicia Keys;Underdog
No Doubt;Underneath it All
Shakira;Underneath Your Clothes
Muse;Undisclosed Desires
Rihanna;Unfaithful
Massive Attack;Unfinished Sympathy
Sam Smith ft Kim Petras;Unholy
Noa Kirel ;Unicorn
Muse;Unintended
TLC;UnPretty
Poison;Unskinny Bop
Sia;Unstoppable
Veronicas;Untouched
Natasha Bedingfield;Unwritten
CCR;Up Around the Bend
Joe Cocker & Jennifer Warnes;Up Where We Belong
Muse;Uprising
Diana Ross;Upside down
Mark Ronson ft. Bruno Mars;Uptown Funk
Billy Joel;Uptown Girl
Kings of Leon;Use Somebody
Miley Cyrus;Used To Be Young
Amy Winehouse ft. Mark Ronson;Valerie
Mark Ronson ft. Amy Winehouse;Valerie
Steve Winwood;Valerie
Righeira;Vamos a la playa
Olivia Rodrigo;Vampire
Stone Temple Pilots;Vasoline
XX;VCR
Pixies;Velouria
Bananarama;Venus
Shocking Blue;Venus
Björk;Venus As A Boy
Matthias Reim;Verdammt Ich Lieb' Dich
Circus Custers;Verliefd
U2;Vertigo
Lana Del Rey;Video Games
Buggles;Video Killed The Radio Star
Beyonce ft. Lady Gaga;Video Phone
Ultravox;Vienna
Coldplay;Violet Hill
Jamiroquai;Virtual Insanity
Höhner;Viva Colonia
Spice Girls;Viva forever
Coldplay;Viva La Vida
Elvis Presley;Viva Las Vegas
Andrea Bocelli & Helene Segara;Vivo Per Lei (+ duet)
Madonna;Vogue
Gipsy Kings;Volare
ABBA;Voulez Vous
Desireless;Voyage Voyage
Benny Neyman;Vrijgezel
Rudimental ft. Ella Eyre;Waiting All Night
Foreigner;Waiting for a Girl Like You
Boy Meets Girl;Waiting For A Star To Fall
Avicii;Waiting For Love
Shakira;Waka Waka (This Time for Africa)
Wham;Wake Me Up Before You Go-Go
Green Day;Wake me up when september ends
Avicii;Wake Me Up!
Arcade Fire;Wake Up
Katy Perry;Waking Up In Vegas
Bangles;Walk like an Egyptian
Pink;Walk Me Home
Dire Straits;Walk of Life
Milk Inc.;Walk on Water
Aerosmith;Walk this way
Steriogram;Walkie Talkie Man
Craig David;Walking Away
Marc Cohn;Walking In Memphis
Katrina And The Waves;Walking On Sunshine
Police;Walking on the Moon
Michael Jackson;Wanna Be Starting Something
Spice Girls;Wannabe
Bon Jovi;Wanted dead or alive
Edwin Starr;War
Imagine Dragons;Warriors
Duffy;Warwick Avenue
London Grammar;Wasting My Young Years
Major Lazer;Watch out for this (Bumaye)
TLC;Waterfalls
ABBA;Waterloo
Kinks;Waterloo Sunset
Harry Styles;Watermelon sugar
Elvis Presley;Way Down
Kaleo;Way Down We Go
Sister Sledge;We Are Family
Queen;We Are The Champions
Michael Jackson & Friends;We are the world
Pat Benatar;We belong
Starship;We Built this City (Grace / Mickey)
Go West;We close our eyes
Billy Joel;We didn't start the fire
Tina Turner;We Don't Need Another Hero
Encanto;We don't talk about Bruno (+ duet)
Cliff Richard;We don't talk anymore
Charlie Puth & Selena Gomez;We don't talk anymore (+ duet)
Rihanna ft. Calvin Harris;We Found Love
Vengaboys;We Like To Party
Rihanna;We Ride
Ting Tings;We walk
Bon Jovi;We weren't born to follow
Queen;We Will Rock You
Skunk Anansie;Weak As I Am
Earth and Fire;Weekend
My Chemical Romance;Welcome to the black parade
Guns N' Roses;Welcome to the jungle
Vengaboys;We're Going To Ibiza
Pet Shop Boys;West End Girls
Backstreet Boys;We've got it goin' on
Doobie Brothers;What a fool believes
Louis Armstrong;What a wonderful world
Pink;What About Us
Pet Shop Boys ft. Dusty Springfield;What Have I Done To Deserve This (duet)
Within Temptation;What have you done
Haddaway;What Is Love (+ duet)
Madonna;What It Feels Like For A Girl
One Direction;What Makes You Beautiful
Billie Eilish;What was I made for
Gwen Stefani;What You Waiting For
Oasis;Whatever
Imagine Dragons;Whatever It Takes
Status Quo;Whatever You Want
Vaya Con Dios;What's A Woman
Johnny Logan;What's another year!
Marvin Gaye;What's Going On
Tina Turner;What's Love Got To Do With It
Blink 182;What's My Age Again
Tom Jones;What's New Pussycat
R.E.M.;What's the Frequency, Kenneth
4 Non Blondes;What's Up
Prince;When Doves Cry
Green Day;When I come around
Nat King Cole;When I Fall In Love
Garbage;When I Grow Up
Pussycat Dolls;When I Grow Up
Janet Jackson;When I think of you
Bruno Mars;When I Was Your Man
3 Doors Down;When I'm Gone
David Guetta ft. Kelly Rowland;When love takes over
Billy Ocean;When the going gets tough
Golden Earring;When The Lady Smiles
Billie Eilish;when the party's over
Jermaine Jackson & Pia Zadora;When The Rain Begins To Fall (+ duet)
Adele;When we were young
Mariah Carey & Whitney Houston;When you believe (+ duet)
Killers;When You Were Young
Cock Robin;When your Heart is Weak
Avril Lavigne;When You're Gone
Shakira;Whenever wherever
Nirvana;Where Did You Sleep Last Night
Paul Young;Where Ever I Lay My Hat
Pixies;Where Is My Mind
Black Eyed Peas;Where Is The Love
U2;Where the streets have no name
Nick Cave and Kylie Minogue;Where The Wild Roses Grow
David Guetta ft. Flo Rida & Nicki M;Where Them Girls At
Metallica;Wherever I May Roam
Calling;Wherever You Will Go
Devo;Whip it
Flo Rida;Whistle
Bing Crosby;White Christmas
Dido;White Flag
Billy Idol;White Wedding
Men At Work;Who Can It Be Now
Spice Girls;Who do you think you are
Pink;Who Knew
Queen;Who Wants To Live Forever
Atomic Kitten;Whole Again
ACDC;Whole Lotta Rosie
CCR;Who'll Stop The Rain
Madonna;Who's That Girl
Bronski Beat;Why
Smash Mouth;Why Can't We Be Friends
Sylver;Why Worry
Chris Isaak;Wicked game
Troggs;Wild Thing
Taylor Swift;Wildest Dreams
Scorpions;Wind of Change
Birdy;Wings
HIM;Wings of a Butterfly
Winnie de Poeh;Winnie de Poeh
Razorlight;Wire To Wire
Avril Lavigne;Wish You Were Here
Pink Floyd;Wish You Were Here
China Crisis;Wishful Thinking
Rose Royce;Wishing on a star
Cartoons;Witch Doctor
Troggs;With A Girl Like You
Creed;With arms wide open
Robyn with Kleerup;With Every Heartbeat
U2;With Or Without You
Mariah Carey;Without you
Nilsson;Without You
Selena Gomez & Marshmello;Wolves
John Lennon;Woman
Wolfmother;Woman
Tears for Fears ;Woman in chains
Barbara Streisand;Woman In Love
Britney Spears;Womanizer
Paul McCartney;Wonderful Christmas Time
Black;Wonderful Life
Eric Clapton;Wonderful Tonight
Sam Cooke;Wonderful World
Oasis;Wonderwall
Who;Won't get fooled again
Sam The Sham & The Pharaohs;Wooly Bully
F.R. David;Words
Rihanna ft. Drake;Work
Britney Spears;Work Bitch
Westlife;World of Our Own
Bob Sinclar;World, hold on
Alice in Chains;Would
Charles & Eddie;Would I Lie To You (Charles / Eddy)
Nik Kershaw;Wouldn't It Be Good
Beach Boys;Wouldn't It Be Nice
Police;Wrapped around your finger
Miley Cyrus;Wrecking Ball
Kate Bush;Wuthering Heights
Olivia Newton-John & ELO;Xanadu
Chris Brown;Yeah 3x
Usher ft. Lil Jon & Ludacris;Yeah!
Busted;Year 3000
Al Stewart;Year of the cat
Coldplay;Yellow
Christie;Yellow River
Beatles;Yellow Submarine
Ariana Grande;yes, and
Beatles;Yesterday
Village People;YMCA
Chris Brown;Yo (Excuse Me Miss)
Milow;You And Me (In My Pocket)
Calum Scott & Leona Lewis;You Are The Reason (+ duet)
Kim Wilde;You Came
Joe Cocker;You Can Leave Your Hat On
Modern Talking;You Can Win If You Want
Phil Collins;You Can´t Hurry Love
Guano Apes;You Can´t Stop Me
Supremes;You Can't Hurry Love
Guns N' Roses;You Could Be Mine
Milow;You Don't Know
Jax Jones ft. Raye;You Don't Know Me
Bon Jovi;You Give Love A Bad Name
James Morrison;You Give Me Something
Roy Orbison;You got it
Kim Wilde;You keep me hanging on
Amy Winehouse;You Know I'm No Good
Alanis Morissette;You Learn
Taylor Swift;You need to calm down
Chuck Berry;You never can tell
Alanis Morissette;You oughta know
Kinks;You Really Got Me
Van Halen;You Really Got Me
Lauren Daigle;You say
ACDC;You shook me all night long
Bee Gees;You Should Be Dancing
Dead or Alive;You Spin Me Round (Like A Record
Elvis Presley;You were always on my mind
Modern Talking;You´re my heart, you´re my soul (+ duet)
Phil Collins;You'll be in my heart
Gerry and the Pacemakers;You'll never walk alone
Peter, Bjorn And John;Young Folks
Candi Staton;Young Hearts Run Free
5 Seconds Of Summer;Youngblood
Outfield;Your Love
Sade;Your Love Is King
Elton John;Your song
Ewan McGregor;Your Song
James Blunt;You're Beautiful
Queen;You're My Best Friend
Carly Simon;You're so vain
Barry White;You're The First, The Last, My Everything
John Travolta & Olivia Newton-John);You're the One that I Want (duet)
Maria Mena;You're the Only One
John Farnham;You're The Voice
Carole King;You've Got a Friend
Judas Priest;You've Got Another Thing Comin'
Florence And The Machine;You've Got The Love
Righteous Brothers;You've Lost that Lovin' Feelin' (duet)
DeltaGoodrem;YouWillOnlyBreakMyHeart
Bart Kaëll;Zeil je voor het eerst
David Bowie;Ziggy Stardust
Andre Hazes;Zij Gelooft In Mij
Koos Alberts;Zijn Het Je Ogen
Måneskin;Zitti e buoni
Cranberries;Zombie
Rob De Nijs;Zondag
Erik Mesie;Zonder Jou
Blof;Zoutelande
